video_id,comment,likes,sentiment
0IZS7ucM9qQ,Mam sir namak h kaise bnega matar pulao 😢😮😅,0,Neutral
0IZS7ucM9qQ,Jeera na dalne ka reason kya hai?,0,Neutral
0IZS7ucM9qQ,Ma'am onion daal sakte hai ?????,0,Neutral
0IZS7ucM9qQ,Wahh madam ji 😂,0,Positive
0IZS7ucM9qQ,Mujhe bhi khana hai matar Pulao 😋,0,Neutral
0IZS7ucM9qQ,Kya lemon juice v add kr skte hai??,0,Neutral
0IZS7ucM9qQ,Ma'am rice or matar cups ke hisab se Kitna hoga,0,Neutral
0IZS7ucM9qQ,Maine abhi ye pulao banaya aur achha bana lekin aapne zira dalne ko mana kyo keya.I like zira ki Khusboo.I am missing zira now 😢.Aab to pulao ban gaya Aab mein Kya karo,0,Negative
0IZS7ucM9qQ,Moisture waale hi chahiye thode oily,1,Neutral
0IZS7ucM9qQ,"I made this pulav first time, following your recipe, and my husband said ""pulav ho to aisa"", hotel ke tatse se bhi acha laga unhe. Thanks a lot.",17,Positive
0IZS7ucM9qQ,Bahut badhiya hai try this recipe,0,Positive
0IZS7ucM9qQ,Majedar lajatdar aap ki ressipi,0,Positive
0IZS7ucM9qQ,Aap koun sa rice use karti hain,0,Neutral
0IZS7ucM9qQ,Mam aapne aapke veg pulao video me kaha tha ke high flame pe 1 siti abh kehrahe ho 2 siti main confused h gayi mam please suggest kijiye 🙏,0,Neutral
0IZS7ucM9qQ,Hi mamAap ne pulav ki har recipe me pani ka naap alag alag bataya he,0,Neutral
0IZS7ucM9qQ,Apka recipe simple rehti hai acha lagta hai varna etna tham jham dekhate hai baki Youtubers,1,Positive
0IZS7ucM9qQ,Is video mein aapane bataya hai ki ek gilas chawal ke liye sa gilas Pani but Maine aapka dusra video dekha tha jismein ek gilas chawal ke liye dedh gilas Pani bataya tha I m confuse,0,Neutral
0IZS7ucM9qQ,Aapka recipe mujhe bahut pasand aata hai didi,1,Positive
0IZS7ucM9qQ,Veeeeeery yammi bana hai mam...Zabardast... Thanks mam.... From Qatar 🇶🇦,1,Positive
0IZS7ucM9qQ,Mam main abhi pressure cooker main nahi balki open non stick bartan main bana raha hun tou rice main kitna pani dena hoga finally please abhi bata den?,0,Neutral
0IZS7ucM9qQ,Aapne namak nhi dala kya,0,Neutral
0IZS7ucM9qQ,Aap mere favorite😍 ho,1,Positive
0IZS7ucM9qQ,SIMPLY.. HI FI NHI.... 🥰🥰🥰🥰🥰BHUT ACCHE... SE AP BATATE HO.....,0,Positive
0IZS7ucM9qQ,AP BHUT ACHHE SHEF 🥰🥰🥰🙏🙏🙏🙏🙏Ho KAVITA JI.....,1,Positive
0IZS7ucM9qQ,Didi muje bi sikhna he khana bana na kase jaldi demag me yaad ho,0,Neutral
0IZS7ucM9qQ,Bahot hi mast pulav bana tha thank you ma'am,0,Positive
0IZS7ucM9qQ,Buter use kr skte hy kya,0,Neutral
0IZS7ucM9qQ,Bahut badhiya,0,Positive
0IZS7ucM9qQ,Bina roast kiye banao,0,Neutral
0IZS7ucM9qQ,Mam yellow polao ar alu dam plz dekheye,0,Neutral
0IZS7ucM9qQ,Kabita ji👌 apki her recipe itna easy hota hai ki biggner   v bna le,0,Positive
0IZS7ucM9qQ,Mam apki wajah se mummy se gali nhi sun ni padti,0,Positive
0IZS7ucM9qQ,Jeera flavour deta hai,0,Neutral
0IZS7ucM9qQ,1 no. Mam hme aapki recipes bhot pasnd aati hai,1,Positive
0IZS7ucM9qQ,Thanks mam first time mei ekdam best bane the,1,Positive
0IZS7ucM9qQ,Pyaz to daali nhi aapne,0,Neutral
0IZS7ucM9qQ,Madam aaj aap achhe lag rahe hai,1,Positive
0IZS7ucM9qQ,Amazing sbbb festival prr m yhi pulaoo bnati hu,1,Positive
0IZS7ucM9qQ,This recipe.... I made it so many times.... It works like a charm.... Itna simple magar utna hi tasty banta hain.... Thank you Kavita ji for this wonderful recipe ❤,0,Positive
0IZS7ucM9qQ,Main bhi aapke hi tip ke sath follow Kiya aur bahut hi acchi Bani thank you so much tips share karne ke liye,1,Positive
0IZS7ucM9qQ,Ma'am matar ka colour change ho jata hai light green ho jata hai plz koyi tip bataiye ki colour change n ho,0,Neutral
0IZS7ucM9qQ,Medam Maine banaya to rice patile chipk kyo gaye,0,Neutral
0IZS7ucM9qQ,🤮🤮 jeera kyon Nahin Dala aapane recipe mein mujhe yah puchna,0,Negative
0IZS7ucM9qQ,"Hello Ma'am,Maine kl bnaya tha cooker me but unfortunately acha nai bna tha...  Sb hasne lge the.",0,Negative
0IZS7ucM9qQ,Cashew skip ker sak te he,0,Neutral
0IZS7ucM9qQ,Pyaz koun dalega?,0,Negative
0IZS7ucM9qQ,Ma'am jeera na daalne ki koi khaas wejeh hai kya?,0,Neutral
0IZS7ucM9qQ,Mam....agr..khada msaala ( garam msaala ) kisi ko nhi psnd h ...toh hum usko pees kr daal skte h. Ky....usme koi problem toh nhi 🤨😊,0,Neutral
0IZS7ucM9qQ,Aapi aawaj bhut saachi haii,1,Positive
0IZS7ucM9qQ,Ghe mujhe pasan nhai hai,0,Negative
0IZS7ucM9qQ,Mdm aapki voice bhut pyari h. ❤️❤️❤️🙏🙏🙏 Mdm   rasgolla kse bnaye.... Q ki mere  bnaye hue to mote hi nhi hote. 😂😂 Mtlb ki chasni ni piite,0,Positive
0IZS7ucM9qQ,Basmati chawal hai ??,0,Neutral
0IZS7ucM9qQ,Mem please fish pkoda bna ne ki recipe bhi btaaiye,0,Neutral
0IZS7ucM9qQ,Very nice recipe😋 mein apki sari videos dekhti hu apki sari videos bahut achhi hai 😘 love frm Goa 🌴🌊,0,Positive
0IZS7ucM9qQ,Mam 25 logo ke liye kitna basmati chawal lagega Or kitna pani??,0,Neutral
0IZS7ucM9qQ,Very nice Madam Aapka voice bahut sweet,0,Positive
0IZS7ucM9qQ,Hot ki cold,1,Neutral
0IZS7ucM9qQ,Ye ek gass chaval ka pulaw h or agar hame teen glass chaval ka banana h tab kitna pani use hoga koi bataye plz,0,Neutral
0IZS7ucM9qQ,Kitna acha pulao hai,0,Positive
0IZS7ucM9qQ,Very nice di,1,Positive
0IZS7ucM9qQ,Nhi blkul achchcha nhi h aese nhi bnta..,0,Negative
0IZS7ucM9qQ,Wah  bhut hi aasan trika bataya aapna dhanyavaad,0,Positive
0IZS7ucM9qQ,Proud jeera Dal sakte hain,1,Neutral
0IZS7ucM9qQ,Aap mircha dalna bhul gai kya 😁😁,0,Neutral
0IZS7ucM9qQ,Very nice me v try krungi,0,Positive
0IZS7ucM9qQ,Apke bolne or samjhane ka tarika bohot hi anokha hai..thank u Mam😍,0,Positive
0IZS7ucM9qQ,Thnk u mam I tried first time n it's cooked awesome... Mmmmuuuuaaaahhhhhh lov u a lot mam... Bht acha bana mera pulao,1,Positive
0IZS7ucM9qQ,Very nice Di agar 2 glass chawal hai to Pani Kitna dallay or peeli moongi daal ki khichri ki recepi b btao di,0,Neutral
0IZS7ucM9qQ,Aap ne to mirchi dali nahi 😁😉,0,Neutral
0IZS7ucM9qQ,upar se fried onions daalkar serve karen toh aur bhi tasty ho jaata hai. Peas pulao is my favourite. I like to eat it with toor dal fry or chole. :-),0,Positive
0IZS7ucM9qQ,Main bahut achcha banaya aap ki tric se bahut achcha hai,2,Positive
0IZS7ucM9qQ,Bina cooker ke kaise banaye 😂😂,0,Neutral
0IZS7ucM9qQ,"Aapki aawaj bahot achhi hai .. aur aap bahot achhe se samzati hai....,,,👌",0,Positive
0IZS7ucM9qQ,Tej pta v nhi h ghee v nhi h bhut sare chij nhi h to kya kre,0,Neutral
0IZS7ucM9qQ,Matter nhi h hamre yha kux or dal skte b ...,0,Neutral
0IZS7ucM9qQ,Bohot swadisht polaav banaa h👌,1,Positive
0IZS7ucM9qQ,Chili use ni ki ap ne,0,Neutral
0IZS7ucM9qQ,Hello mam app ka sara recipe acha lag te hai,1,Positive
0IZS7ucM9qQ,Kaju  ko skip kr skte h kya,1,Neutral
0IZS7ucM9qQ,Thanku mam..aap bahut achhe se batati hai aur wo aasani se samangh me aa jata hai...maine aapka mitha palow v try kiya bahut tasty bana,1,Positive
0IZS7ucM9qQ,Bohot accha,1,Positive
0IZS7ucM9qQ,Bahut Achcha Laga aapka recipe,0,Positive
0IZS7ucM9qQ,Just Wow....I can't believe that mere hath se itna achha rice bana aaj... Thank you so much....it was very testy.... N.. Nice look alsoVery nice recipe...👍,3,Positive
0IZS7ucM9qQ,Bahut hi achcha banata aapka mutton pulao,0,Positive
0IZS7ucM9qQ,"Bohut easy hai ye toh ,nice",0,Positive
0IZS7ucM9qQ,mujhe yeh bahut pasand hai,0,Positive
0IZS7ucM9qQ,Mirch kb daalna hai,0,Neutral
0IZS7ucM9qQ,Zeera q nhi dale zeera dalne se to or acha test aayega na ?,0,Neutral
0IZS7ucM9qQ,App ka video mujhe bahat achhi lagi,0,Positive
0IZS7ucM9qQ,Di aap ne kaun sa basmati rice liya hai uska naame kya h,0,Neutral
0IZS7ucM9qQ,Cawal Ko Phale Sei Panii Mei Rakh Dena Chaiye Kya,0,Neutral
0IZS7ucM9qQ,Ma'am aapne salt use nahi kiya??,0,Neutral
0IZS7ucM9qQ,Nice Kabita lagey raho👍🌹,0,Positive
0IZS7ucM9qQ,Mam Mithi pulao plz dekhe na,0,Neutral
0IZS7ucM9qQ,Kitna tasty bana,1,Positive
0IZS7ucM9qQ,mam Kitni siti deni h rice cooker ko agar Quantity of rice 3 glass krde tohh...??plz ans,0,Neutral
0IZS7ucM9qQ,mam ky basmati k badly saada chawal use krsakhty hai,0,Neutral
0IZS7ucM9qQ,Acha nhi bna,0,Negative
0IZS7ucM9qQ,Madam aap ka fridge kitne litre ka hai,0,Neutral
0IZS7ucM9qQ,K Bina namak k khaye mam,0,Neutral
0IZS7ucM9qQ,Namak nai dalega Kya,0,Neutral
0IZS7ucM9qQ,aap bhout mast dishes banata ho,0,Positive
0IZS7ucM9qQ,Mam agr hame iski quantity ko badhana ho to kya hum sabhi ingredients ko ussi ratio me bdha denge???Jese 8 10 logo ke liye,0,Neutral
0IZS7ucM9qQ,Namk last m add karna h matar fry hone k bad add kar skte h kya,0,Neutral
0IZS7ucM9qQ,ma'a iski curry ki recipe bhi to btaiye?,0,Neutral
0IZS7ucM9qQ,Madam aap khana bahut acha banati ho,0,Positive
0IZS7ucM9qQ,Aacha bnaya aapne,0,Positive
0IZS7ucM9qQ,Mam agar chota chawal le rhe h to bhi 2siti lagana parega?,0,Neutral
0IZS7ucM9qQ,Hum humesha apko follow karte ..hai ap bahuth ache sae samjhati hai .  Thank u simple simple gharelu recipes k liye..😊,0,Positive
0IZS7ucM9qQ,Thank you ma’am lockdown m Ek dish to sikh gye ty,0,Positive
0IZS7ucM9qQ,mujhe to bht achi lagai ye recpie,1,Positive
0IZS7ucM9qQ,"Aapka video dekha maine abhi...try karte hai,dekh kar bahot acha lag raha hai...",0,Positive
0IZS7ucM9qQ,Apka naam kabita h ya kavita,0,Neutral
0IZS7ucM9qQ,😋😋😋😋😋😋 ek dum tasti hai,1,Positive
0IZS7ucM9qQ,Mst pulau h y,0,Positive
0IZS7ucM9qQ,Yea spice hai ky ???,1,Neutral
0IZS7ucM9qQ,Chawal pulao soft Kaise banaen,0,Neutral
0IZS7ucM9qQ,Tere baap ne kabhi banaya tha kya,1,Negative
0IZS7ucM9qQ,Acha hai thanks,0,Positive
0IZS7ucM9qQ,Resipi bhi achhi hai or aapki Aawaz or bhi achhi ...... thanks for the. Cooking,0,Positive
0IZS7ucM9qQ,Thankyou mam mujhe nii aata tha pulao banana but apne bhot acchi treh btaya🥰🥰,1,Positive
0IZS7ucM9qQ,Same aise hi mai bhi bnati hu,0,Neutral
0IZS7ucM9qQ,Mam apka.respy bhut esy hota h or testi bhi,0,Positive
0IZS7ucM9qQ,behan ji chawal jud kiun jate hain,0,Neutral
0IZS7ucM9qQ,Ap to lajawab hai ma'am.....😊koi match Nahi apka aur apki recipes Ka......,0,Positive
0IZS7ucM9qQ,Kya ye wala pulao chicken ke sath khaa sakte hai,0,Neutral
0IZS7ucM9qQ,Chawal konsa mam?,0,Neutral
0IZS7ucM9qQ,Mem agar ham roj wale chawal le to kya esi trah banega ya begad Jayga,0,Neutral
0IZS7ucM9qQ,Mene aaj hi ye pulav banaya..aur it's really delicious...muze doubt tha k kaise Hoga kya Hoga ??😅 But accha huaa...,1,Positive
0IZS7ucM9qQ,"2 /3 kg chaval ko kitana samugri/ material lagega, please reply",8,Neutral
0IZS7ucM9qQ,Didi aap bohot acchi resipe btate ho 😘😘😘,0,Positive
0IZS7ucM9qQ,Pani km h. Rice m .or do siti  jayada lgva rhe ho,0,Neutral
0IZS7ucM9qQ,Thank you mam mere Ghar mein aaj Koi nahin main matar pulao banaya aapko dekhkar,0,Positive
0IZS7ucM9qQ,Hari mirch nahi dali,1,Neutral
0IZS7ucM9qQ,Mam aapka method lajawab...and lajij hai...I m always following ur recipe...5 star,0,Positive
0IZS7ucM9qQ,I made matar pulao tdy...it tasted awesome but thoda kaccha reh Gaya...2 whistle Lagaya tha and  10 minutes rice bhigoya BHI tha...what cud b the reason Kavita ma'am?,0,Neutral
0IZS7ucM9qQ,"Bohot atcha laga..Thanks..aisa lagta hai ki kabhi aapke wahan aao khana khane ke liye...,,😄",0,Positive
0IZS7ucM9qQ,Bahut hi aacha.,1,Positive
0IZS7ucM9qQ,Pagal lgti ho tum,0,Negative
0IZS7ucM9qQ,bahut aacha,0,Positive
0IZS7ucM9qQ,"Aap bahut achhi tarah se samjhati hai,Aapki aawaj bhi mitthi hai.",0,Positive
0IZS7ucM9qQ,Ekdam  easy me yahi  banati hu,0,Positive
0IZS7ucM9qQ,Main Bhi Banaya Matar Pulao lunch mein bahut bahut bahut testi Shukriya recipe batane ke liye,0,Positive
0IZS7ucM9qQ,pulaw mujhe lagta h yeh bimaro ke liye apne banaya h #feeka pulao,0,Negative
0IZS7ucM9qQ,Mam sirf dikhne m acha ho  isse mtlb nhi hai proper pakna bhi chahiye apki recipe se mere rice kache rhgye,0,Negative
0IZS7ucM9qQ,So tasty... I tried this very delicious aapke haato mein jadu hai,0,Positive
0IZS7ucM9qQ,Ye to chawal bana diya kuch bhi nahi dala,0,Negative
0IZS7ucM9qQ,Agar ise hum kadhai ya pan mein banaye to taste mein difference aayega kya ?,0,Neutral
0IZS7ucM9qQ,"Yummy and delicious recipe thanku mam , Mere husband ko yeah dish bhut pasand aayi",0,Positive
0IZS7ucM9qQ,Matar pasand nhi hai dale ya nhi,0,Neutral
0IZS7ucM9qQ,Waah mam shaandar 😄😄🤗,1,Positive
0IZS7ucM9qQ,"Hello Mam, Mene Apna Ek Kitchen Open Kiya Abhi Kuch Hafto Phle, Jisme Hum Logo Ko Healthy Food Provide Krte Hai Humara Khana  Bina Oil Ke Prepare Kiya Jata Hai, But Mam Jo Taste Oil Wali Dishes Me Ata Hai Vo Taste Nhi Aa Pa Rha Dishes Me, So Aap Kuch Suggest Kr Sakti Hai Jiske Through BIna Oil ki Sabzi Bhi Tasty Bnayi Ja Sake.Thank You",0,Positive
0IZS7ucM9qQ,Kavitaji me aapki har recipe  dekhatahu pan AAP jese nahi bana   patahu,0,Neutral
0IZS7ucM9qQ,Mam aapki recipe ke sath sath aapki abaj bhi bahut achi h,0,Positive
0IZS7ucM9qQ,Lajawab rasepe,0,Positive
0IZS7ucM9qQ,Maine try kiya.....rly yummmm,0,Neutral
0IZS7ucM9qQ,Waao delicious ..moo me paani agay mere to,0,Positive
0IZS7ucM9qQ,Wow! Aap bhut achha pulao banati h  very tasty,1,Positive
0IZS7ucM9qQ,Maine bhi bnya bahut hi badiya tha thanks for teaching me this kind of recepe,2,Positive
0IZS7ucM9qQ,Matar paneer k sath matar pulav aaj ka dinner menu.. thanks in advance 😊,2,Positive
0IZS7ucM9qQ,Kindly tell me aap ny mirchain ni daali to kia ye taste m pheeka ni lgta???,0,Neutral
0IZS7ucM9qQ,"Actually ma'am i think ap bihar se ho..,..bihar me usna chawal bahut khate h log ...aor wo chawal der se pakta h ......mai chawal pasa k banati hu....but wo gila ho jata h ....ap plz kuch tips Dijiye...,.......usna chawal jldi gila nai hota h",0,Neutral
0IZS7ucM9qQ,Apa bindi lagao mam ji bcoz ur married and.bindi lagane se aur p achha lagenge,0,Neutral
0IZS7ucM9qQ,Apki recpi mast h but apka Ghar bahut accha h di,0,Positive
0IZS7ucM9qQ,Aapki sari hi recipe's Bhut acchi Hoti hai 😅,1,Positive
0IZS7ucM9qQ,Ma'm very very thanks to u.. meri nyi nyi shadi ho gayi he aur aaj hi maine ye rice banaya..ekeam hotel jaisa bana he... huge huge thanks...,0,Positive
0IZS7ucM9qQ,gas to on kiya hi ni🤣🤣,0,Positive
0IZS7ucM9qQ,Mam aapki sabhi recipe bahot delicious hoti hai mujhe aapke method se bani hui sabhi recipes bahot bahot bahot jayada tasty lagti hai...Thank you mam for share delicious recipes.😄,1,Positive
0IZS7ucM9qQ,Bohot atcha,0,Positive
0IZS7ucM9qQ,Wah madam g wah.... Perfect for bachelors..... Will try it this weekend,0,Positive
0IZS7ucM9qQ,Texture bht badiya,0,Positive
0IZS7ucM9qQ,Maine eid pe ye bnaya the bhot hi acha bna tha,0,Positive
0IZS7ucM9qQ,Kabita ji aj maine pulav bnaya same apke method se or mere husbsnd to mera bht tarif kr rahe t... or bole ki y kabita ji k kamal h... kr k .. thankuuuu so much mam..for this recipie,4,Positive
0IZS7ucM9qQ,Didi agar do gelas chaval bnana Ho to kitna pani dalna hai,1,Neutral
0IZS7ucM9qQ,Thanks diii 😘😘😘😘😘bahut achha bna Maine banaya,1,Positive
0IZS7ucM9qQ,achha laga!!! ba nene ke like bhi share hoga!!!,0,Positive
0IZS7ucM9qQ,Bahut achi banai h maym,1,Positive
0IZS7ucM9qQ,Jeera use ni kr skte kya??,1,Neutral
0IZS7ucM9qQ,Maine ye respi try ki bahut hi Aachi bani very very thanks,0,Positive
0IZS7ucM9qQ,Hi mam ek liye kitna quantity lagega,1,Neutral
0IZS7ucM9qQ,Mirchi hi nahi dala apne,0,Neutral
0IZS7ucM9qQ,Wao so sweet muh mai pani aa gaya g thanks,0,Positive
0IZS7ucM9qQ,Ma'am main agar polao ka chawal MATLAB govindo bhog rice use karu to kya acha Banega? Kitna sitti lagana hoga cooker mein ?pls bataye,0,Neutral
0IZS7ucM9qQ,Madam doosro me tasoi me roz kya banta gain nazara n mare apne gharon me khane ya dhyan de kyoki Jo log log doosro me gharo me take jhank karte chorus sendhmar nichler str me log kaehlaters,0,Neutral
0IZS7ucM9qQ,Aap product review v kro Didi.,1,Neutral
0IZS7ucM9qQ,Maine banaya tha kal garam Masala ka taste aagya tha  jabke saari chiz Maine itne hi daala the jitna video me h 😑,0,Negative
0IZS7ucM9qQ,Hello mam.me bahut try Karti hun but rice khila khila Nahi hota chipak jata he.kya karun plz help,0,Neutral
0IZS7ucM9qQ,bahut achha hai,1,Positive
0IZS7ucM9qQ,Masale nahi dlne kya,0,Neutral
0IZS7ucM9qQ,Main Tumhara plough ka recipe Banaya aur mera pyar ka recipe bahut accha Warna thank you for this video,8,Positive
0IZS7ucM9qQ,Easy hai lakin mast hai,0,Positive
0IZS7ucM9qQ,Mam apke vidio ki saund bhut km ata h,0,Negative
0IZS7ucM9qQ,"Yes,me new year ke din banongi",1,Neutral
0IZS7ucM9qQ,Kavita ji mujhi apki sabhi recipe achi lgti hai,0,Positive
0IZS7ucM9qQ,Badiya rice banaya mam,1,Positive
0IZS7ucM9qQ,Thik thik h,0,Neutral
0IZS7ucM9qQ,Mirch to dali hi nhi 👎👎,0,Negative
0IZS7ucM9qQ,I am so foody or aapki dish dek kar tho pani hi aa jata hai,0,Positive
0IZS7ucM9qQ,main kal hi ishe banaugi 😋😋,0,Neutral
0IZS7ucM9qQ,apne isme mirchi nhi dali,0,Neutral
0IZS7ucM9qQ,Maine Aj banaya Yeh recipe bhut acha bana h thank you mam,1,Positive
0IZS7ucM9qQ,Rice konse h mem,1,Neutral
0IZS7ucM9qQ,Video bahut achchhi hai,0,Positive
0IZS7ucM9qQ,Bhut hi acchi lagi ye recipe apka sara recipe acchi hi hoti hai,0,Positive
0IZS7ucM9qQ,mam ye fika pach lagega is m mirchi nahi h paccho k thik h,0,Negative
0IZS7ucM9qQ,Maine bhi ye try ki thi osm and VERY testy🏅🏆🏆🏆🏆🏆🏆🏆🏆🏆🏆🏆🏆🏆🏆🏆🏆🏆🏆🏆🏆🏆🏆,3,Positive
0IZS7ucM9qQ,Mene bhi isi trah banaya h bahut h mazedaar bana thanks,0,Positive
znefLMNyVE8,MAAM HM BNATE H TO CHENA BALLS TOOT JATA H SUGAR SOLTUION M,1,Neutral
znefLMNyVE8,Mam aapko share kijiye na ots makhane haldi aur pure meve mix karke Kesar bagaira dalkar jo aap dudh mein uthate hain aur FIR uska powder Banakar rakhe the FIR dudh mein uthate Hain FIR usko Gud Dal ke khate Hain wali recipe aap fir se share Karen 4 sal pahle mujhe Mili Thi vah recipe,0,Neutral
znefLMNyVE8,Mam gaye ki jaga bhais k dudh se bna le kiya qki hum gaao m h hmra pure bhas ka dudh aata h,0,Neutral
znefLMNyVE8,Maddam aap topic kaha se late ho,0,Neutral
znefLMNyVE8,Aap bahut achi ho ma'am,0,Positive
znefLMNyVE8,Meri rasmalai baar baar Tut jati hai chasni mai daalne mai,0,Neutral
znefLMNyVE8,Bahot hi lajavab mam 👌👌,0,Positive
znefLMNyVE8,Thenkyou mem bohot malaydar recipe batay apne 🤤,0,Positive
znefLMNyVE8,Ham recipe dekh ke banaye lekin mera rasgulla Tut gya 😢😢😢😢,0,Negative
znefLMNyVE8,Kon kon 2025 me dekh raha hai,5,Neutral
znefLMNyVE8,Agr doodh automatically normal temperature ki wajh se fatt jaye to kya bna skte h,0,Neutral
znefLMNyVE8,Kaise recepi deti h ap log maine same process kiya tab bhi sari ras malai tot ke sheere me mi gyi😢,1,Negative
znefLMNyVE8,Corn flour nahi dala to chale ga kay mere pas nahi hai,0,Neutral
znefLMNyVE8,Di milk nhi fata hai.. bilkul bhi.. mera to waste ho gya..,0,Negative
znefLMNyVE8,Cornflour ki jgh kuch or daal skte hn kya?,0,Neutral
znefLMNyVE8,Mera chena dahi jaisa bn gya esa kyu hua hoga,0,Neutral
znefLMNyVE8,Kya ISME soda dal sakte,0,Neutral
znefLMNyVE8,Agar app is video ko hindi me bna lete to kiya ho jata,0,Negative
znefLMNyVE8,Wow mam amazing banayi hai mam 👌👌❤❤,0,Positive
znefLMNyVE8,Nimbu use nahin kar sakte hain kya,0,Neutral
znefLMNyVE8,2:38 pani toh nikal hi nhi rha tha😂,0,Neutral
znefLMNyVE8,Cornflour ka koi alternative hai?,0,Neutral
znefLMNyVE8,Kya ismein bhains ka dudh use bhi nahin le sakte vinegar ki jagah nimbu bhi to dal sakte hain,0,Neutral
znefLMNyVE8,Mam maida use karne ki permission dedeijiye na😂??or ye bi batayi maida use karne se vo acchi banegi ya nhi?,0,Neutral
znefLMNyVE8,Pehli video dekhty hy channel subscribe kr deya...,0,Positive
znefLMNyVE8,Yar bana to kuchh bhi le par time bahut lgta hai 😢 aur se fir shubah sham ka khana,0,Negative
znefLMNyVE8,Lemon se milk nhi phad skte  kya,0,Neutral
znefLMNyVE8,Mera spong km soft hua h 😢,0,Negative
znefLMNyVE8,200 rs initial cost hi aa gyi,0,Neutral
znefLMNyVE8,Hamare to spongey hue nahi bahot soft the uthane me tut rahe,0,Negative
znefLMNyVE8,Bahut detail se aapane recipe dikhai hai aur tips bhi de de hai ❤❤,0,Positive
znefLMNyVE8,Maam corn flour na ho toh maida ya rice flour use kr skte h,0,Neutral
znefLMNyVE8,"Khila bhi do, 🥲",0,Neutral
znefLMNyVE8,Didi ye mere ghar pe pahucha do na 😋😋,1,Positive
znefLMNyVE8,Main to bhaisn ka dudh pita hu par 😮,0,Neutral
znefLMNyVE8,Kya ham cornflour ki jagah maida daal sakte hai,0,Neutral
znefLMNyVE8,Agar cornflour nahi h to maida dal sakte h kya,0,Neutral
znefLMNyVE8,Bahut achha video aur recipe ma'am,0,Positive
znefLMNyVE8,Har koi nahi bana sakta mem.  Video dekhte huye aisa lagta hai ki hum banayenge easy hai. Magar hakiqat me aisa nahi banta har kisi se😮,0,Neutral
znefLMNyVE8,Mere husband ki fav. Dish 😊,1,Positive
znefLMNyVE8,Jhooth kyu batati hai waise koi sponge nhi bnta hai,0,Negative
znefLMNyVE8,Acha nh boht Acha bnate ho ap Har chej.❤❤❤❤❤❤,0,Positive
znefLMNyVE8,Mam kya ham vinegar ki jagah nimbu ka ras dal sakte hain,0,Neutral
znefLMNyVE8,Total wrong recepi aapne kaha 3 &  half cup water maine utna hi liya same banaya pura rabdi bhi achha bana pr ye balls pure jal gye same step follow kiya fir bhi next time se barabar measurement batayiga 😢😢😢,0,Negative
znefLMNyVE8,Cornflour dalna compulsory hai kya ...? Nahi ho toh kya add kr sakte hai ?,0,Neutral
znefLMNyVE8,Maine bhi bnaya tha ...bht tasty bani hai...spongy,0,Positive
znefLMNyVE8,Bhaut hi good recipe 🎉🎉🎉 mein bhi try karugi 🎉 thanks for simple recipe ❤❤❤,1,Positive
znefLMNyVE8,Didi apki voice bohut acchi hai,0,Positive
znefLMNyVE8,Ma aj banungi,0,Neutral
znefLMNyVE8,Khane se zyada banane mein vkt zyada haii,0,Neutral
znefLMNyVE8,"Aaj Maine ye rasmalai bnayi apke bataye timing, trick se,mere family bhut khus ho gye delicious bna,thank u mam❤❤🎉🎉🎉",0,Positive
znefLMNyVE8,M bhi banaungi 😊❤,0,Positive
znefLMNyVE8,Mera to vinegar se nahin fatata dudh😢,0,Negative
znefLMNyVE8,Chena chashni m daalte hi phel gya kya krein ??,0,Neutral
znefLMNyVE8,Shivratri par Bhole Baba ko bhog lagaungi. Aapki hi recipe se rasmalai banaugi 😊,0,Positive
znefLMNyVE8,Agar corn flour na ho to,0,Neutral
znefLMNyVE8,wow mam very nice par mere ghar pe itni mehnat koi nahi karega 😅,0,Positive
znefLMNyVE8,Toot Gaya sara 😢,0,Negative
znefLMNyVE8,Madam main bhi aaj yah rasmalai TRAI ki bahut achcha banaa,0,Positive
znefLMNyVE8,Cup ki Jagah grams m batao chini😂,0,Negative
znefLMNyVE8,Madam itna lamba video ni hona chahiye itne se process k liye...,0,Negative
znefLMNyVE8,Last me muh me pani aa gya 😂,0,Positive
znefLMNyVE8,😋😋 main bhi try karugi,0,Positive
znefLMNyVE8,Khila do mam rasmali 😂,0,Positive
znefLMNyVE8,Mam meri rasmalai dukaan jesi soft nhi bani thori hard hai .. iska kya solution hai?,0,Neutral
znefLMNyVE8,Bekar bilkul b achi nai banti tut jate h gulab jamun,0,Negative
znefLMNyVE8,Mam ab tak do bar banaya phir bhi acha nahi aye. Jo rasgula hi woh hard hojata.. 😢😢😢. Sabhi steps maine follow kiya correct se.😢😢. Rabri toh achi banti hi. Phir se main kabhi nahi try karungi. Fed up..,0,Negative
znefLMNyVE8,Itna time waste Karne ke bajaye Bahar se lekar kha lenge 😅,0,Negative
znefLMNyVE8,Mene bnayi thi but wo to Pani m ghul gyi,0,Negative
znefLMNyVE8,"Maine bhi aapki recipe try krke bnayan bahut achhi bhi ,, I am happy ❤❤",0,Positive
znefLMNyVE8,Aap ne ye nhi bata ya ki milk me water dalna ha ya nahi,1,Neutral
znefLMNyVE8,Chini ki matra aap weight me bataye... Cup ke hisab se samajh nahi aa raha... Aapka cup aur hamara cup ek hi size ka nahi ho sakta😮😮😮,1,Neutral
znefLMNyVE8,Maine aaj 2 2 bar try ki dono bar bekar 1st time hard bahut 2nd time soft itni chashni me dalte hi tut gyi 😢 mai cooking me achhi hu life me 1st time kuchh bekar bnaaa 😢,0,Negative
znefLMNyVE8,Aapki mujhe sari videos acchi lagti hai.... aur bahut acche se main.... dekhti..... hun aur aapka batane ka.... tarika sabse best hai thank you .....for sharing❤❤❤❤❤❤,1,Positive
znefLMNyVE8,Didi mane bhi try kiya tha bot hi tasty bna tha thnku so much for your recipe ❤,0,Positive
znefLMNyVE8,Keya mam rusmalai ko 1 day ke liye store ker sakte hi,0,Neutral
znefLMNyVE8,Maim mera rasmalyi suger syrup me jane ke baad boil hone par fut jata hai kya kare,1,Neutral
znefLMNyVE8,Mene banaya fha but mera bhot thick ho gaya ta bilkul sofr nhi hua same aapne kiya ahi vaise he kiya fa maam pls boliye na kya kru or yeh chasni meri bhot thick ho gyi ti or yeh colour bhi cng ho gaya tha vi pani wax ke jesa ho gya tha,0,Negative
znefLMNyVE8,Wow mam Bohot achi banai  ras malai,0,Positive
znefLMNyVE8,Mene banai thi ye achi bani thi,1,Positive
znefLMNyVE8,Vinegar dalke dudh fate nahi to kya kare,0,Neutral
znefLMNyVE8,Bakwas recipe hai sari rasmalai kharab bani 👎👎👎,0,Negative
znefLMNyVE8,isay acha hi paneer lao 🤷‍♀️usi mi banayai r fir milk mi add kray r cornflour k badlay suji b add kr sktai hi 🤷‍♀️,1,Negative
znefLMNyVE8,Chasni me pura fhel gya sahi se nhi bana😂😂,0,Negative
znefLMNyVE8,Rasmalai break ho gyi h,0,Negative
znefLMNyVE8,Hello mam....very nice recipe....muje iss rakshabandhan par rasmalai banani hai....rabadi thik karne k liye kya hum thodasa custard powder use kar sakte hai kya...,0,Neutral
znefLMNyVE8,Didi aap music  khan se use karte ho,1,Neutral
znefLMNyVE8,Ban gya ban gya sab kha lo❤❤,1,Positive
znefLMNyVE8,Hlo ma'am meri rasmalai gol gyi 😢or pehle jab bnayi thi woh bhut hard thi😢... Proper btaiye ma'am kya mistake rhi abki baar dough jo h bhut moisturizer h..osme maine corn flour b daala per b rasmalai gol gyi Pani me ..maine thodi choti bna kr try ki fir ab Dhoop me dough ko sukha rhi ho jisse aata sakht ho jaye or rasmalai gole na or soft b bne,0,Negative
znefLMNyVE8,"Pagal aurat tumhare Karan Mera mithai jal gaya aadha k,g milk barbad ho Gaga be sharm😢😢😢😢😢😢😢😢",0,Negative
znefLMNyVE8,Mere to chasni me hi toot gye,0,Negative
znefLMNyVE8,Thank you mam aapke mawa cake recipe se mera mawa cake bahot achha bana,0,Positive
znefLMNyVE8,Recipe bahot achhi he mene try ki mam par mere chena ball chashni me pighal gaye kyu mam,0,Positive
znefLMNyVE8,Milk ko lemon aur vinegar ke alawa aur kisse faad sakte hai?,0,Neutral
znefLMNyVE8,Aap ke ghar vali ke maje hai  itna kuch aacha khane ko millta hai,0,Positive
znefLMNyVE8,Joe chashni Bach ka use Kya Kya karenge,0,Neutral
znefLMNyVE8,"Mere muh moh toh dekhte he paani aa raha hai ,looking tasty 🎉🎉",0,Positive
znefLMNyVE8,Sab paani mein ghul gayi :(,0,Negative
znefLMNyVE8,Mujhe jo bhi bnana hota h mai aapki hi video dekhti hu aap pe trust ho gya h really  aapki btayi recipe hi achhi bnegi...,0,Positive
znefLMNyVE8,Wah maza a gaya ma'am maine banai bth parfect bani❤❤❤,2,Positive
znefLMNyVE8,Mam ky me sirf kaju aur Almond add kr sakti hu,0,Neutral
znefLMNyVE8,Meri sadi apki jesi women se ho❤❤❤❤❤,0,Positive
znefLMNyVE8,Agar corn floor na ho to,0,Neutral
znefLMNyVE8,Mam Maine yah chhena cloth ki jagah Channi Mein Rakha tha to Jyada soft Ho Gaya Kya Karen,0,Neutral
znefLMNyVE8,Good afternoon Mam aap kahan per rahte ho,0,Neutral
znefLMNyVE8,Good afternoon Mam main abhi recipe likh rahi hun Aaj banaungi mere bacchon ko yah recipe bahut pasand Aati Hai thank you mam,0,Positive
znefLMNyVE8,Meri fevrt h ❤❤❤❤❤..bt maam bnane m bahut tym lg rh ..khame m to 15sec m kha jau😅😅😅😅..❤❤❤❤❤❤❤ try krenge bt,0,Positive
znefLMNyVE8,Mam corn flour ki jagah pr aur kya daal skte h,0,Neutral
znefLMNyVE8,Cournflour na ho to kya kre,0,Neutral
znefLMNyVE8,"Ye Jo khana ,mithai ,drinks ,wagerah wagerah banane ka channel chalate hai unke  Ghar wale kitnze lucky hai roz roz tasty chije milti honge khane ko",0,Positive
znefLMNyVE8,Vinegar naa ho to aap ada tispoon phitkri daal skte hai same kaam krta hai😊,0,Positive
znefLMNyVE8,"Thankyou beta, shandar rasmalai banai hai ❤❤❤",1,Positive
znefLMNyVE8,Chene me maidaa kyu daalte hai?????,0,Neutral
znefLMNyVE8,Mem mere to chene ke bol chasni me dalne ke baad usi me ghul gye please mem batao ki vo hard rhe 😢,0,Negative
znefLMNyVE8,Agar vinegar nahin hai to lemon  juice ka istemal kar sakte hain,1,Neutral
znefLMNyVE8,Kya ham cornflour ki jagah rice flour use kr skte hain???,0,Neutral
znefLMNyVE8,Kya doodh khud phat jye uski nhi bna sktey kya,1,Neutral
znefLMNyVE8,Aapke husbend or bacche lucky h 🥹,0,Positive
znefLMNyVE8,Haldi daalne se uska taste to nhi aayega?,0,Neutral
znefLMNyVE8,2 logo ke liye kitna dhoodh le,0,Neutral
znefLMNyVE8,Mam maine banai h and believe me same aisi hi bani h thanks,0,Positive
znefLMNyVE8,thank you mam m try ki same bana h,0,Positive
znefLMNyVE8,Mam meri rasmalai hard ho gaye h kyu,0,Negative
znefLMNyVE8,Osm 😍 bahut hi achcha h bta Rahi h aap❤,0,Positive
znefLMNyVE8,Bahut badhiya😋👏👏👍💞,0,Positive
znefLMNyVE8,Mam nibu se dudh ko fad skte h koi problem to nhi ayegi,0,Neutral
znefLMNyVE8,Maine try ki thi Bohat achi bani thi maine doodh fadne ke liye nimbu use kiya tha aur phir Ache se dho liya bohat tasty aur easy recipe Thanks you KABITA's Kitchen ❤🎉,0,Positive
znefLMNyVE8,Mne bhi abhi abhi bnaya h...bhot achi recipe h,0,Positive
znefLMNyVE8,Thank u so muchh mam mai life mai first time try it was so delicious desert mashallah  love it ❤😊,0,Positive
znefLMNyVE8,Mene bnai h ye dekhkar bht tasty bni thi.. yummy,0,Positive
znefLMNyVE8,mere pure kharab ho gya h,0,Negative
znefLMNyVE8,5 gante me bankar tyar hoga😂😂,0,Negative
znefLMNyVE8,Maine aaj try kiya man pr mera chila bhot deela  ho gya tha 2spoon cornflower dale tohi bhot deela pn tha usme ky krna chahiye tha plz muze bataiye next time fhir se muze banana hai plz reply de mam,0,Neutral
znefLMNyVE8,1/2cup sugar kitne grm hogi ma'am?,0,Neutral
znefLMNyVE8,Very V nice recipe dii aap ke tarha so beautiful love u di god bless you 🙏🙏,0,Positive
znefLMNyVE8,Mene bhi banai bahut tasty bani hai meri bhi ❤😊,1,Positive
znefLMNyVE8,Meri to rash malli fut gai😢,0,Negative
znefLMNyVE8,Maine bnaya pr vo chasni me dalne par melt ho gya 😢😢😢,0,Negative
znefLMNyVE8,Itne pese m to aahijati. H matket m😂,0,Negative
znefLMNyVE8,Nhi achi bani rasgulla phat kr Pani me mil gya,0,Negative
znefLMNyVE8,Iss se aacha dukan ja ke khrid ke kha lege Paisa v jada lagega or banae ka v tansion dukan wala he thk h mere liye jada he mil jayga khane ko,0,Negative
znefLMNyVE8,Sach me bahut hi acha bna thanks mam❤❤❤❤❤,2,Positive
znefLMNyVE8,Aap bahut acche se each n every detail explain karti hai so sweet of u😊,0,Positive
znefLMNyVE8,Dudh ki jagah pr dahi use kr sakte he kya..?,0,Neutral
znefLMNyVE8,Uar hamare  pas to itne paise hi nhi hote ki itne items khareedein .,0,Negative
znefLMNyVE8,Toh itni bakchodi kar rahi hai tu ...seedha paneer hi daal leti pagli,0,Negative
znefLMNyVE8,Mam mene ye recipe try kiya h bt rasmalai m thoda khattapan tha pls btaiye uske kese thik kre,0,Neutral
znefLMNyVE8,Meri rasmalai thori hard ho gyi ...mujhe smjh nhi aara q,0,Negative
znefLMNyVE8,"Because frig me rakhkar har mithai sakht ho jaati hai, frin se nikal kar turant nahi khani chahiye.",0,Neutral
znefLMNyVE8,Bina freeze ke ye kab tak kharab nhi hota,0,Neutral
znefLMNyVE8,Kon podar kon dalta hi puri rasmalai karab hogai meri,0,Negative
znefLMNyVE8,Ye recipe bahut kaam aayi mere ❤,0,Positive
znefLMNyVE8,Meri rasmalai to Pani Mein ubalte Waqt ki sari khul gai,0,Negative
znefLMNyVE8,Maim address bhejdo khane araha hu,0,Neutral
znefLMNyVE8,Spungy nahin Banta tight ho gaya,0,Negative
znefLMNyVE8,Kya chhene ki jagah amul paneer use kar sakte hai kya??? Please bataye,0,Neutral
znefLMNyVE8,Meri mom Ko kuch nahi ata😭😭😭😭😭😭😭,0,Negative
znefLMNyVE8,Mam bols fulne ke baad chipat ho gaye😢,0,Negative
znefLMNyVE8,Kabita ras malai uper se bhurbhuri andr se hard bni milk 2prsnttha usa rahty hai cornflour dala kmi kya thi,0,Negative
znefLMNyVE8,Nice clearly understand bhabi ji,0,Positive
znefLMNyVE8,Thank you mam sach me aap jaise  bate ho smajh me ajata h or waise hi bna liya maine god bless you god make a new for you,0,Positive
znefLMNyVE8,Itna ache se kon batata hai Mam ❤❤pahle bar mai kise ko YouTube pe subscribe ki hu,1,Positive
znefLMNyVE8,Yaamy and delicious chasma Ras malai ki recipe share karne ke liya so many thanks,0,Positive
znefLMNyVE8,Jo log aisa recipe banatey hain YouTube pay wo ghar Waley kitney khush naseeb Hain roz new dish khaney milti hai kon kon agree hai ye baat se like karo😅😊😅,63,Positive
znefLMNyVE8,Tq so much mam mere hathse pehli baar parfect rasgulla bana hai,0,Positive
znefLMNyVE8,Mera nhi bna shi🥹,0,Negative
znefLMNyVE8,Mam meri ramali mai mitha nahi ho raha,0,Negative
znefLMNyVE8,Mam kiraye per room milega???..  khane ki tnsn khtm ..,0,Neutral
znefLMNyVE8,Mam rasgulle ki chasni mai paka sakte hain,0,Neutral
znefLMNyVE8,Very Beautiful Recipe Mam I will definitely try it❤ Thank you mam ap Bahut ache se samjhate ho aur ase samjhate ho ke easy lagne lagta hai process har recipe me... Thank you again ❤,10,Positive
znefLMNyVE8,Bahut easy way me samjhaya aap ne madam …maine banaya aur bahut hi badhiya bana h ..than q so much ..u r awesome 🙏💐,0,Positive
znefLMNyVE8,Aapke ghar wale ghar p hi 7 star ka maze le rhe hai 😂,0,Positive
znefLMNyVE8,Easy way mai btaya thnku ❤️,0,Positive
znefLMNyVE8,Bhagwan aisi bhabhi sabhi ko de 😘😘🤗🤗,0,Positive
znefLMNyVE8,Wow mam maine ise wase he banaya jaise aapne bataya aur mam kya tasty bana tha I love it ❤Thank you mam😊,0,Positive
znefLMNyVE8,Rabdi ke pede mere boil karte tym thode fat jaate hai..mash mai krti hu Barabar..plz eske baare me bataeye mam,0,Negative
znefLMNyVE8,Corn flour agr na mil paye to kch option h kya,0,Neutral
znefLMNyVE8,Maza aa gya,1,Positive
znefLMNyVE8,U speak as if ....jaise airport pe kuch announcement ho rahi ho,0,Positive
znefLMNyVE8,Bhut achha tareeka so thanks mam,0,Positive
znefLMNyVE8,Humare mann me questions aata h ap uska ans just dedete ho👍,0,Positive
znefLMNyVE8,Apki aawaj best lgti h & aap har chij ko bhot simple tarike se batate ho👌U are Best🙏,2,Positive
znefLMNyVE8,it was yummy pehli baar try kiya result are so amazing,3,Positive
znefLMNyVE8,Vinegar ke place pe fitkari use kar sakte h kya,0,Neutral
znefLMNyVE8,Khane ke liye 10 min or banane k liye 2 hours good 👍👍,1,Negative
znefLMNyVE8,Wow..what a language skills bhenji..Rasmalai is sooo sweet & your voice delivery also sweet ..,1,Positive
znefLMNyVE8,Wa mam bahut khub 👌👌👍,1,Positive
znefLMNyVE8,Pls help me meri rasmalai kachi reh gyi dudh m dalne ke bad chack kiya to andr se kachi lg ri h,0,Negative
znefLMNyVE8,Ek din mujh bi bulao dawat pe😄😄,1,Positive
znefLMNyVE8,Pehle se phate huye doodh ka nhi bn skta hai kya?,0,Neutral
znefLMNyVE8,Agar jyada quantity ho to wahi chachni second lot ke paneer balls boil karne ke liye use kar sakte hai kya. Ussee chachni gadhi to nahi hogi . Aur usme aur sugar add karni padegi kya,0,Neutral
znefLMNyVE8,Ghar walo ki maza hai roz roz ....mst khana vo bhi free ...😂,1,Positive
znefLMNyVE8,Ma'am apne 2 liter dudh ko alg alg use kiya h.To 1 liter me banana ho to adhe adhe liter dudh use krna ho to???,0,Neutral
znefLMNyVE8,Kya hum bazaar se layi  hui paneer use kr skte hai???,0,Neutral
znefLMNyVE8,Mam dud se bnai tiki hmne pani main dali to wo fat c gai.. hmne guna bhi bht jada or corn flor v dala. Bt fir v asha ni bna..,0,Negative
znefLMNyVE8,Bhkkk bc topic dete kya h vedio m batate kya h,0,Negative
znefLMNyVE8,Mam bajar ka paneer use kar sakte h.or cornflour na ho to maida use kar  sakte hai.,0,Neutral
znefLMNyVE8,6 ghante bad khana  padega??,0,Neutral
znefLMNyVE8,Hi maam chena ball soft nhi hue aisa kiyu maine same method se banae,0,Neutral
znefLMNyVE8,Thxxx mam Maine apki video dekh kar bnai  bahut e taste bani,1,Positive
znefLMNyVE8,Maine kal hi try super se uper bana h mujhe to believe nhi ho rha h main ghar pe itna perfect rasmalai banai hu but mere pass cornflour nhi to maine nhi use kiya kuch bhi aur fitkiri se dudh ko phada tha but ek bhi rasmalai tuta na h thanks thanks thanks ❤️❤️❤️❤️you are super mam.kash mere pass apka no hota to apke sath pic share karti,1,Positive
znefLMNyVE8,Rasmalai m anaj hota h kya or fast m kha sakhte h,0,Neutral
znefLMNyVE8,Faqir 19 wali doodh ki packet 🤣🤣🤣🤣🤣,0,Negative
znefLMNyVE8,Rabdi bnane ke liye packet ka milk use krskte hai na,0,Neutral
znefLMNyVE8,1 lit me kitne banati hai,0,Neutral
znefLMNyVE8,Mene corn flour ki jagh meeda dala tha to mene rash gulle pure phat gye 😭😭😭😭😭😭😭😭. Pura ghulge aab me kya karu plzzzzz help me,0,Negative
znefLMNyVE8,Nice didi... ham apko bahut samay se dekh rhe hain,1,Positive
znefLMNyVE8,Mai bhi doob gayi rasmalai mai 😍😂,0,Positive
znefLMNyVE8,Aur aapke recipe k sare steps bahut  hi acche hote h.. jinko kitchen  ka k v nhii aata hoga woh v achi se aapki video dekh k bna lenge   jaise ki mai  thnk uu so much mam❤️,1,Positive
znefLMNyVE8,Aapki awaaz s bahut hi sukoon aur shanti milti h pta nhii q..,1,Positive
znefLMNyVE8,Aj mene rasmlai khai ik piec 35 rupes ☺,0,Positive
znefLMNyVE8,Mera pura khrab ho gya,0,Negative
znefLMNyVE8,Pagal ho kya,0,Negative
znefLMNyVE8,"Mam. Mohit ko bilkul psnd nahi hai , kheta hai karcha badhta hai faltu ka",0,Negative
znefLMNyVE8,"mu ma Pani aa gaya ,🤤",1,Positive
znefLMNyVE8,Hum banatain hai lekin aapne pura ulta tarika bataye aapne bekar ho jayega pura rasmalai,0,Negative
znefLMNyVE8,Sach me muh me pani aa gyaaaa,1,Positive
znefLMNyVE8,Mam mere rashgulle to kdai m hi fat gye sb. Sari mehnt waste ho gyi 😢,0,Negative
znefLMNyVE8,Corn flour ko Hindi me kya kahte hai,0,Neutral
znefLMNyVE8,Garmiyon me toh yeh kharab ho jaegyi kyunki bhar rakh ke toh dudh hai kharab ho sakta hai?,0,Neutral
znefLMNyVE8,Ham na try keya  Bahut acha bana thank you very much 😍,0,Positive
znefLMNyVE8,Agar rasgulle ek din pehle bana le aur rabdi dusre din daale toh koi problem hogi kya,0,Neutral
znefLMNyVE8,Kya hum direct paneer hi use kar sakte hai ?,0,Neutral
znefLMNyVE8,Mana chasne m saka to Sara khrab ho gya,0,Negative
znefLMNyVE8,Packet milk use kr sakta h ky,0,Neutral
znefLMNyVE8,Me apni wife se kehta hun ki you tube pe koi achhi si dish dekhkar bna liya kro..date ingredients me lake dunga ..lekin wo kabhi nhi banati ...daal roti sabji bna legi bhagywaan,1,Negative
znefLMNyVE8,Aunty agar dudh phele se hi fhata hua hai to kiya wo use kr sakte hai ????????,0,Neutral
znefLMNyVE8,"Bahot badiya banai hai aapne, muze aagar 50 logonkeliye banana hai to Kitana milk lagega muze",0,Positive
znefLMNyVE8,M b banaunga kal Thanx Kavita ma'am.U have nice voice 😅😄😄,1,Positive
znefLMNyVE8,Corn flour ki jagha maida use kar sakte h kya,0,Neutral
znefLMNyVE8,Mast resipe,1,Positive
znefLMNyVE8,Mem aapki rasmalai bahut achi bani haiMeri favorite swets bhi hai yai meri aisi kismat kaha jo aap jaisi ladies ki bani kha saku mai to abhi un married hu partner ki bahut jarurat hai  tabhi aisay nahi nahi sweta kha sakta hu koi ho to batay ladki ho nazar mai,0,Positive
znefLMNyVE8,Kis kis ke mukh  meh  pani aaya 😂,3,Positive
znefLMNyVE8,Mam meri rasmalai kuch jyada hi meethi ho gyi uska meethapan kam kaise kare,0,Neutral
znefLMNyVE8,Khana ka man kar raha ha,2,Positive
znefLMNyVE8,Madam may bhi try Kiya but tut geya,0,Negative
znefLMNyVE8,Rasmalai se jada apki awaaz sweet h ❤️😘,1,Positive
znefLMNyVE8,Yar ye koi Khilado . Maa kasam dekhte hi bukh lag gai,0,Positive
znefLMNyVE8,Bahut sundar m try krungi,1,Positive
znefLMNyVE8,Maine TRAI ki bahut acchi recipe Bani mujhe bahut pasand I aur mere husband ko bhi thank u didi thank🎉❤,1,Positive
znefLMNyVE8,"mam aapki recipe se rasgulle bahot hard bane,I followed the exact recipe 😢",0,Negative
znefLMNyVE8,Maa aapke hatho me jadu hai meri maa ki tarha,1,Positive
znefLMNyVE8,Mere rasmalai ka chena ball  hard ho Gaya tha soft hone ke liye Kya karna chahiye bataeye na please,0,Negative
znefLMNyVE8,Ye dhudh k rasgule se bnte HI nhi h fat jate h chas Me dalte hi😒,1,Negative
znefLMNyVE8,"Vinegar paani ke saath milake daale, so that woh dilute ho jaye, warna woh rasgulla rubber jaisa bann jaega. Dilute karne se zyada behtar banenge.",1,Neutral
znefLMNyVE8,Aapke ghr wale roz roz etne pase west krne dete h,0,Negative
znefLMNyVE8,Ma'am maine do br ye recipe try Kiya h or dono br tikki me rbdi absorb ni hua aesa kyu andr se tikki dry hi tha,0,Negative
znefLMNyVE8,"mam aap bahot jaldi jaldi bolte ho,plz thoda dheere bola karein",0,Negative
znefLMNyVE8,Rasmalai se Jada to aap aawaj mitti,0,Positive
znefLMNyVE8,Meri rasmalai ke fate hue doodh ke gole sahi se nahi bane vo toot gaye na hi vo fate hue doodh ka jo aata he vo sahi se nahi bane vo thora gila rah   gaya,0,Negative
znefLMNyVE8,Bahut bahut dhanyawad aapko madam 🙏,0,Positive
znefLMNyVE8,Aap bahut ache se explain kiye hai Rasmalai ke bare me chene ko sirf hands ka use karna hai aur koi cheej se masal sakte hai  madam 🙏,0,Positive
znefLMNyVE8,Mam isme phle se hi fata hua milk le skte h n bina vinegar k ase hi fat gya tha plzz reply,0,Neutral
znefLMNyVE8,"Maine try Kiya ye recipe bt ye bahot bekar bna rasogulla ne rabdi absorb nhi kiya jbki maine ek cheez ko garm hi rakha tha rabdi ko, aur toh aur 1 din m hi rabdi sticky ho gyi please give me reply ki mujhse kya glti huyi",0,Negative
znefLMNyVE8,Meri wife na ghar me kuch banati h or na ghar ka khana pasand krti h ...hrr time chalo bahar ....chalo bahar ....rehdi pe kha legi lekin bahar ka chahea ....ye kuch mental disorder bn chuka h aaj kl .....kapde pahan k taiyar ho k bahar ka khana khane jana .......or Mard ko ghar ka he khana acha lagta h ...bahot se log 80 km up down krte h daily sirf ghar k khane k lea ....,0,Negative
znefLMNyVE8,Mam bohot acha laga he hame,1,Positive
znefLMNyVE8,Mza aa gya didi,4,Positive
znefLMNyVE8,Mere muh me to paani aa raha hai,0,Positive
znefLMNyVE8,Me first time try kr rahi hu 🥺,0,Positive
znefLMNyVE8,Ye keese pta chalega mam ki chena ball pk gye he chashni  me d'Alenge tab,0,Neutral
znefLMNyVE8,"Hello Kabita , apki recipe dekhne k liye video shuru hota hai , mai apki awaz mai kho jati hu , app kitna piyara bolti hai .. I Love 💕 your voice .. God Bless You nd Your Family ..💕🌹🌹❤️",0,Positive
znefLMNyVE8,Kaash me apke hatho ka bana kha pata😋😋😋😋,0,Positive
znefLMNyVE8,Meri rasmalai chasni m ghul rhi h  mene 3 chamach alarot bhi daal lia chena ko tight krne ke liye ..1 ghante se chena ko tight krne m lgi hu nhi hora yaar koi flowing consistency bhi nhi h...Abhi ke liye mene uski fridge m rkh dia h.. please somebody suggest me what to do with that!!! I'm tired making this 😭😞...Please,1,Negative
znefLMNyVE8,Ap bahut pyar se samjhate ho 🥰 we will make it 🥰,1,Positive
znefLMNyVE8,Sab koi banane ke liye dekh rha h or m aadhi raat ko curiosity ki wajah se dekh rha hu 😂... Coz i like rasmalai most ❤️,0,Positive
znefLMNyVE8,Maja aa gaya sikh ke. Bahut achhe se sikhaya aapne. Very very thank you. 🤩🤩🤩😇😇,0,Positive
znefLMNyVE8,"Bahut badhiya ,bhijwa deti to aur accha hota 🙏🙏",0,Positive
znefLMNyVE8,Abhi se hi mooh me pani aagya,0,Positive
znefLMNyVE8,Kitne din rakh sakte h isko,0,Neutral
znefLMNyVE8,Isko dobara garm karke kha sakte h,0,Neutral
znefLMNyVE8,Muj hames hi aap ka viedo aacha lagta hai mam😍,3,Positive
znefLMNyVE8,Aj mene bhi bnaya bilkul apki recipe ki tarah sch me bhut hu yummy bne the ma'am 💖,1,Positive
znefLMNyVE8,Corn flour nhi hai te maida use kr skti hu khya,0,Neutral
znefLMNyVE8,Bohott accha explain kartye ho mam..☺️,1,Positive
znefLMNyVE8,Mam mene ye ras malai bnai thi aaj but wo sari tut gayi Again bnane ke liye me kya karu 😭😭😭😭😭Reply me first plzz maam,0,Negative
znefLMNyVE8,Wwaaahhhh... kiya bat hai madam ....mai toh rasmslai se ziyada apke explain me fida hogaya hoon...bhut khoob....thank you 😂😂😂😂❤️❤️❤️,0,Positive
znefLMNyVE8,Hello  di  aaj Rasmali try ki amazing 👏 👌👌👌sari family  members  nay bahut like kiya thanks  di❤❤❤❤,1,Positive
znefLMNyVE8,Mari bhi rasmalai bahut achhi bani aapke karn party me to chha gaya aapka rasmlai,0,Positive
znefLMNyVE8,Aunty bal ke jhar ke ajati,0,Negative
znefLMNyVE8,Mai har baar banati hu to usmai lemon ka test reh hi jata hai jis say poori mehnat kharab ho jati hai😫😩🥺aisa kiyu???,0,Negative
znefLMNyVE8,Aunty yaha bhej va do,0,Positive
znefLMNyVE8,Mam mere rasgulla mein chashni andar nahi jati plz tell tips,1,Neutral
znefLMNyVE8,Muh me Paani Aa Gaya Mataji😋 Mashaallah Gajab Bana Hai..👌,7,Positive
znefLMNyVE8,Mam mera chena chasni m boil kete time bikhar jata,0,Negative
znefLMNyVE8,App ne kaha tha na didi reply zarror send karna ham kar diya rasmalai achii nahi lagi,0,Negative
znefLMNyVE8,"mam chena thoda gila lagraha hai kya karen? cornflour dalke acche se mala hai but abhi b thoda gila lagraha hai, jaldi batayen plz",0,Neutral
znefLMNyVE8,Nimbu dal ke try kiya Khata ho gya 🤣Hamara kaam nahi haiAgr halvya jesha ham logo she ban gya to baazar she koy nahi kharidega,0,Negative
znefLMNyVE8,Mera chena kdaa ho jata hai. Fridge mein bhi rakhne per hard ho jati hai . Aisa ku plz reply,0,Negative
znefLMNyVE8,Bht time lgta h...but nice 👌🏻👌🏻👌🏻,0,Positive
znefLMNyVE8,Apke dudh se bante to bhut achhe lagte,0,Negative
znefLMNyVE8,Paani nikal aya mooh se,1,Positive
nxUcxHMEUGg,Kon kon ye video 2026 ko dekhra 😂😂😂😂😂😂😂😂😂😂😂😂😂😂😂😂😅😂😅😂😅😂😅😂😂😅😂😅😂😅😂😅😂😅😂😅😂😅😂😅😂,0,Positive
nxUcxHMEUGg,2026 april  me kon dekh raha h 😂,0,Positive
nxUcxHMEUGg,Kaun-kaun yah video 2026 mein dekhna hai April mein,0,Neutral
nxUcxHMEUGg,4:04  jali na😂,0,Negative
nxUcxHMEUGg,Uska Baap hai na bahut ghatiya hai,0,Negative
nxUcxHMEUGg,Prena didi me ape ki bhot achi fan hu,0,Positive
nxUcxHMEUGg,Bhaiya aap jhooth bolate aap nahin pahle aata tha,0,Negative
nxUcxHMEUGg,Vah vah film video banai hai aisi cream video to maine jannat dekh liye the mujhe chhutti de do,0,Negative
0IZS7ucM9qQ,Ghee ke jagah riphayan Ho sakta hai,0,Neutral
znefLMNyVE8,Plate k niche kitchen towel rakhte to itna pakadna nahi padta,0,Positive
znefLMNyVE8,Corn flour Dala jaruri h,0,Neutral
nxUcxHMEUGg,Yar subscribe kardo 😢,0,Neutral
nxUcxHMEUGg,Mai nahi hasi,0,Negative
nxUcxHMEUGg,Really tum legends hi attendance lagao,0,Neutral
nxUcxHMEUGg,Shaadi kab ho rahi hai,1,Neutral
nxUcxHMEUGg,Dimag se pedal log 😂😂😂😂😂,0,Negative
nxUcxHMEUGg,Dimag se pedal log 😂😂😂😂😂,0,Negative
nxUcxHMEUGg,Dimag se pedal 😂😂😂😂,0,Negative
nxUcxHMEUGg,Bhaiya ham kha lenge mirchi,0,Neutral
nxUcxHMEUGg,Main 2025 mein dekh raha hun,0,Neutral
nxUcxHMEUGg,Aloo khaoge,0,Neutral
nxUcxHMEUGg,Mene bhi nigal li thi jab mene ye khai 😂😂😂,0,Neutral
nxUcxHMEUGg,Bhehen chod,1,Negative
nxUcxHMEUGg,😊❤❤ prerna aise nahin karna chahie chhote kapde Nahin pahnana chahie buri baat Hoti hai Allah ko aapko aankh mein jaane ki Nahin agar Nahin Jana to fir achcha achcha kapda pahna karo bhari wale chote chote,0,Negative
nxUcxHMEUGg,3:50 was epic lao pani lao,0,Positive
nxUcxHMEUGg,Insan ke Kan mein bakri,0,Negative
nxUcxHMEUGg,Triggered Insaan ❌mirchi Insan ✅ sorry bhaiya❤❤❤❤❤,0,Negative
nxUcxHMEUGg,Man to karta hai ki apki behan ban jau❤❤❤❤❤,0,Positive
nxUcxHMEUGg,Yah to tatti hai l😂😂😂😂😂😂,0,Negative
QedpcsA-GOU,Tera intezar,0,Neutral
QedpcsA-GOU,Ismein 15 November ko Kar bhi kya liya tha Kabhi kya liya hai aur ismein kuchh kya bhi nahin tha 15 tarikh a bhi gai hai aur yah fir bhi bole isase khud hi mujhe iske liye dimag bhi hai ya nahin 😡🤬,0,Negative
QedpcsA-GOU,Nischay bhai ko koi haat laga ka dhika da haa uncle or Aunty ki baat kuch or hai,1,Negative
QedpcsA-GOU,Abe sale chu kar to dekha,0,Negative
QedpcsA-GOU,Sudhar Ja beta,0,Negative
QedpcsA-GOU,Triggered insaan be like mei gali nahi de sakta 😂😂,0,Positive
QedpcsA-GOU,Tuma triggered insaan bhai ka bare ma kaisa bola,0,Neutral
QedpcsA-GOU,Nahin bol raha shakal ke bare mein bolate bolate itna bol diya😂😂,1,Negative
QedpcsA-GOU,🤔lekin ye video 4years ago h or m 2026 m dekh rahi hu abhi tak tho hagindra ne kuch kiya hi nai or bat kar raha only 15november ki 😂😂😂😂😂😂😂😂😂😂😂😂😂😂😂😂😂😂😂😂🎉🎉🎉🎉🎉🎉,1,Negative
QedpcsA-GOU,Bhai uska sath bhara to aapko kuchh kuchh dekha hai black colour ham log ka kutta ka pass mein tha niche wala😂😂😂😂😂,0,Negative
QedpcsA-GOU,8:55  nahi bol rahe ho! Bhai!😅😊,0,Neutral
QedpcsA-GOU,Caption padho human autorickshaw 😂😂😂,0,Negative
QedpcsA-GOU,Jai sare bhagwan ki ❤❤❤❤❤❤❤❤❤❤❤❤❤❤Nice video ❤❤❤❤❤❤❤❤❤❤❤❤❤❤❤❤❤❤I love you too meri maa and papa and bhai and behen and dadi and chacha and chachi ❤❤❤❤❤❤❤❤❤❤❤❤❤❤❤❤❤❤❤❤❤❤,1,Positive
QedpcsA-GOU,Koi mil gaya😂😂😂😂😂😂😂😂😂,0,Negative
QedpcsA-GOU,Bhai me last line me hagne ka itihas bana diya,0,Negative
QedpcsA-GOU,2025 me kon kon dekh raha hai 😂😂😂,0,Neutral
QedpcsA-GOU,Bhaiya mai tab 2saal ka tha😅,0,Neutral
QedpcsA-GOU,Bahi Uska dimag gana bana mein me pora use ho gaya,1,Neutral
QedpcsA-GOU,Do din baki he bhai😂😂😂😂😂,0,Neutral
QedpcsA-GOU,15 november ko mera annual function hai 😂,0,Neutral
QedpcsA-GOU,2025 me kon kon dekh rha hai😅,0,Neutral
QedpcsA-GOU,Mai to 2025 ko dekh raha hu😅,0,Neutral
QedpcsA-GOU,Hay mister bhaiya main aapki Badi fan hun maine aapke aapke video ko like karne ke share kar rakhen aap please comment karo na mere ko mera Mera Naam Mauli hai,0,Positive
QedpcsA-GOU,Bhai AP ne 2 minutes me itna funny diss track likha ke Mera has has ke oxygen band ho gaya😂😂😂😂😂😂😂😂😂😂😂😂😂😂😂😂😂😂😂😂😂😂😂😂😂😂😂😂😂😂😂😂😂😂😂😂😂😂😂😂😂😂😂😂😂😂😂😂😂😂😂😂😂😂😂😂,0,Positive
BKOVzHcjEIo,Or kitne bar dekha bhai 😂😂,2,Negative
BKOVzHcjEIo,1:04 bol beta ☠️,1,Negative
BKOVzHcjEIo,last part kyaa rock hai bhai 💥💥,1,Positive
BKOVzHcjEIo,Faltu movie,0,Positive
BKOVzHcjEIo,Naa to karwan ki talash hai still hits different,1,Positive
BKOVzHcjEIo,Dhurander the revenge dekhne ka baad bhi vapis trailer dekhne aaigya 😁,1,Positive
BKOVzHcjEIo,Bas kar bhai...ab toh doosri wali ka trailer b aa gya !!!,16,Negative
BKOVzHcjEIo,Bol betaaaaa,2,Negative
BKOVzHcjEIo,No doubt iski entry music kamal ki hai. Lekin jab Rehman Dakait ke introduction pe music bajta hai pura goosebump milta hai.,1,Positive
BKOVzHcjEIo,Kisne soch tha yh movie indian cinema ka spy universe or whol Bollywood hi change kr degi 💣💥🔥,3,Positive
BKOVzHcjEIo,3:49 kya badhiya edit kiya hai 🙏🏻,3,Positive
BKOVzHcjEIo,Bol beta🧔‍♀️🧔‍♀️🧔‍♀️,0,Neutral
BKOVzHcjEIo,Movie babander 😅,0,Positive
BKOVzHcjEIo,Is trailer ke baad mujhe pakka ho gaya tha ki ye movie banger hone wali hai🔥🔥🔥🙌🫡💯,5,Positive
BKOVzHcjEIo,Film film hai yaar,1,Neutral
BKOVzHcjEIo,1:46 ye scene toh dono part me hai hi nahi,0,Neutral
NHk7scrb_9I,Bhai jitni bar dekhu man nhi bhar rha hai,5,Positive
NHk7scrb_9I,YE NAYA INDIA GHAR ME GHUSEGA BHI AUR MAAREGA BHI❤❤,0,Positive
NHk7scrb_9I,Border 3 me india england py qabza kar ly ga or dhurandhar 3 me me america py qabza kar ly ga 😂😂😂,0,Negative
NHk7scrb_9I,Mast mast movieee,1,Positive
NHk7scrb_9I,Movie m Bhaut Jayda Political Background daal diya dekhne ke baad laga Movie kisi ko Promote kar rahi h😂😂😂,0,Negative
NHk7scrb_9I,pehle mera favorite trailer Badlapur movie ka tha ab Durander the revenge daily watching's,2,Positive
NHk7scrb_9I,pakistan ka nam liay bgair  khud ko kbhi acha nhi dikha skta ye india😂,0,Negative
NHk7scrb_9I,Aditya dhar hajam ghughu aur Ranveer singh sabse bada dewaana mental,0,Negative
NHk7scrb_9I,Jb movie na chale tb hindu muslim kar ke hi to movie se rupee chap sakte ho😂,0,Negative
NHk7scrb_9I,Tera baap kya jara,0,Negative
NHk7scrb_9I,Pakistan zindabad❤❤❤❤❤❤,0,Positive
NHk7scrb_9I,Mene ye tailer abhi tak 100+ ho gye honge 😂😂,1,Positive
NHk7scrb_9I,7.0           india siraf movie men hi yeh sub ker sakta hai real men kya hoa sab ko pta hai pura india heckling hoa   modi trump se ro ro ker kerta raha Pakistan se aik baar jung rokwao,0,Negative
NHk7scrb_9I,Reality is k kalbhoshan yaduv abi tk Pakistan ki custody my hy. 😂,0,Negative
NHk7scrb_9I,Mai ne tho movie dekhne ke baad bhi trailer dekh raha hai😂,3,Positive
NHk7scrb_9I,"Good climax. But,  Duniya ka mustaqbil ab Pakistan te karega. India nahi.Welcome to Islamabad Accord.",0,Negative
NHk7scrb_9I,"Faltu scene 1. Hamzaa flight tickets apni biwi ko ghar ke bahar deta hai😂2. While fighting with arjun rampal wo dono niche girte hain uss scene me clear dikh raha hai hamzza iron rods ke upar gira hai fir bhi usse kuchh nahin hota jabki pet faad Jana chahie tha. 3. Aur last ke seen mein jab vah Apne Ghar mein jata hai, tab vahan ghar ke gate ke pass uski mummy uske bhanje aur uske syster chhat ke upar hoti hai fir bhi usse Koi nahin dekhta aur sab ussi time ghar ke andar chale jaate Hain, aur apna Hero unse Bina mile vahan se Laut jata hai😂 kya writing hai",0,Negative
NHk7scrb_9I,1 0:15 konsa song ka bgm hai ye,0,Neutral
NHk7scrb_9I,100 million pahuchao dono trailer ko d1 & d2,1,Neutral
NHk7scrb_9I,Kitni baar dekho maan nhin bharta!! 🤌🏻,1,Positive
NHk7scrb_9I,Bai roj dekhta hooo movie or roj teaser trailr jb bi mn khraab ho. Koi or actor movie dekhte hi jehr lgti hai. Pta ni onda kyaa hai yaar,2,Negative
NHk7scrb_9I,"Sahi kaha tha Jasmine ne ""You are still not ready for this"" sala movie dekhne k bad to ye Trailer or jyada accha lgta h ❤",0,Positive
NHk7scrb_9I,"Loved the movie but movie ke end me jo bola ki ""Balidaan hi dharam hai aur desh ke liye balidan sabse bada dharam hai""   I don't agree with that.  I think Balidan kabhi dharam nahi ho sakta, aur Dharam ke liye balidaan se bada koi dharam nah.  bas yahi sach hai. Dharam se upar kuch nahi. Om Namah Shivaay 🙏🙏",2,Positive
NHk7scrb_9I,Kon kon movie dekhne ke baad bhi dekhra h,2,Neutral
NHk7scrb_9I,Bakwas movie 👎👎👎👎👎👎👎👎👎👎👎👎👎👎👎👎👎👎👎👎👎👎👎👎👎👎👎👎👎👎👎👎👎👎👎👎👎👎👎👎👎👎👎👎👎,1,Negative
NHk7scrb_9I,Bhai mai to movie dekhne ke baad bhi trailer dekh raha hu 😅Matlab samajh rahe ho movie ki awasome hai,4,Positive
NHk7scrb_9I,Movie dekhne ke baad bhi trailer dekh raha hu,1,Positive
NHk7scrb_9I,"Movie dekhne ke baad firse trailer dekhne aaya, abb jyada maza aya 🔥🔥🔥🔥",3,Positive
5XVoRGhrhZk,Kaha leke Jaa rhe ho mujhe din mein hi was most dark 🌑😂,0,Negative
5XVoRGhrhZk,Family vlogers apne life ke hr chez dekathy aur sunty hi but kuch specific moments ko chor k oska  moqa mile na oo bhy share krdengy  .... 😂,0,Negative
5XVoRGhrhZk,Paani ki bottle 🤣🤣,0,Neutral
5XVoRGhrhZk,Kya piyush sach me fail hua thha ??,1,Neutral
5XVoRGhrhZk,ambani mere lood pe,0,Negative
5XVoRGhrhZk,6:37 maina aapko gao bhej dunga.😂😂😂,0,Positive
5XVoRGhrhZk,Ise Zindagi Ka liya 😂,1,Positive
5XVoRGhrhZk,Can't believe 2 sala ho gye,1,Neutral
5XVoRGhrhZk,Ye video meine kharid le hai dosto,1,Neutral
5XVoRGhrhZk,Guruji ma chod di sabaki 😂😂😂,0,Negative
5XVoRGhrhZk,5:10 din me hi 💀,1,Negative
5XVoRGhrhZk,Jb khudka kuch content na mile tab dusro ki copy krna pdta hai 😂,1,Negative
5XVoRGhrhZk,Piyush badiya hai 😂😂,0,Positive
5XVoRGhrhZk,0.33 par carry bhai ne khud ki hi video dekh li coffee with jalan 😊,0,Neutral
5XVoRGhrhZk,Carry minati bhaiya Apne hath se aapka video dekhna start kyon❤❤❤❤❤,0,Positive
5XVoRGhrhZk,Kyon kyon naya vedio se disappointe hokar yaha aaya hai thoda hasne😅😅,8,Negative
5XVoRGhrhZk,Coffee with jalan ko bhulane ke liye aya hoon,1,Positive
5XVoRGhrhZk,Sab log yahi aa gye 😂😂😂,3,Positive
5XVoRGhrhZk,7:28 par piyush muthhi laga raha tha 😅😅,1,Neutral
5XVoRGhrhZk,Piyush ko bhi rost kro,2,Neutral
5XVoRGhrhZk,"Yaar ye banda to alag hi level ka hai,😂😂😂😂😂",1,Positive
5XVoRGhrhZk,Aaj v dekh raha hu aapka video 😂 08/01/2026,0,Positive
5XVoRGhrhZk,2026 me kon kon dekh raha hai😂,1,Neutral
5XVoRGhrhZk,2026 mai kon kon dekhta hai 😂😂,12,Neutral
5XVoRGhrhZk,Mza aaya bhi,0,Positive
5XVoRGhrhZk,CarryMinati bhai tumne acting bhut achi ki,0,Positive
5XVoRGhrhZk,ai hai bhai 😂😂,0,Negative
5XVoRGhrhZk,Naya video ni arha vai 🤯🤯Vote for new video,0,Neutral
5XVoRGhrhZk,Udta beast❤,0,Positive
5XVoRGhrhZk,Flying kutta Bana diya 😂😂,1,Negative
5XVoRGhrhZk,10:40 bin plane ka pilot 😂,14,Negative
5XVoRGhrhZk,Video dekhkar maja a Gaya Sourabh bhai bhi dekhiae unko bhi maja a jaega,1,Positive
edx_qdEBAf0,Mene bnaye aunty ji. Bahot hi tasty bne. Thanku so much. Ese hi ap new and delicious recipes upload krte rhiye.,0,Positive
edx_qdEBAf0,Kapde pr paani lagayege or oil me bada dalty waqt oil udhega Nahi na,0,Neutral
edx_qdEBAf0,Mam dahi skip kar sakte he kya?,0,Neutral
edx_qdEBAf0,Vada bht acha bnta h but suji absorbed so much oil,0,Positive
edx_qdEBAf0,Hi nisha ji maine wade banaye same apki recipe se par who hard ho gaye can u plz tell me were is d mistake,0,Neutral
edx_qdEBAf0,Mam maine ise banay the but y hard bane isa ku,0,Neutral
edx_qdEBAf0,"Aapka wala batter bahut badia bana hai. Mene jo vade babaye vo hard ban gaye, pls guude kare Mam🙏",0,Positive
edx_qdEBAf0,Kya machine se bhi bana sakte hai.,0,Neutral
edx_qdEBAf0,Suzi vda bhi sambhar ke saath serve kr skte h kya pls reply,0,Neutral
edx_qdEBAf0,Agar suji meh garam pani meh bigoyen ge tho suji achha pulegi 10 minutes ke badh baki samagri dal kar banayenge tho soft rahega,0,Neutral
edx_qdEBAf0,Waha mam V. Yummy,0,Positive
edx_qdEBAf0,Verry worst recipie  this soji vada i tried to tell this word. After frying to get soji vadai is eaten like a stone,0,Negative
edx_qdEBAf0,Thanks di aapne bahut badiya banaya hai,0,Positive
edx_qdEBAf0,"Itni achhi se bataneke lie,apko bahut dannobad",0,Positive
edx_qdEBAf0,Waw mam pless chatni banani bhi btao nariyal ki mam plesss thx,0,Positive
edx_qdEBAf0,Nisha ji maine suji ke barre banayen.bahut hi swadisht aur kurkure bane.yadi baking soda nahi den to kaisa rahega kyonki mujhe aisa laga ki soda ke chalte thora jyada oily ho gaya tha. Kripya apna sujhaw den.,0,Positive
edx_qdEBAf0,Hello mam aj aftari me ise try kiya tha lekin ye uper se kurkura tha lekin andar se baht fula hua naram tha maine medium anch pe hi banaya tha kisi ko bhi pasand nai aya,0,Negative
edx_qdEBAf0,"Nice vada ,Nisha G mei plastic sheet piece pr b rkh ki bnati hn mash ki dal k",0,Positive
edx_qdEBAf0,Curd ko skip nhi kar skte??,0,Neutral
edx_qdEBAf0,Sach mein lajawab hai,0,Positive
edx_qdEBAf0,wow bahut vadiya mam thanx ji or vi banate rahe,0,Positive
edx_qdEBAf0,"Maam, maine bhi ye ghar mein banaya hai, ghar Valo ko bahut a66a laga, thnku maam, aap ki wajeh se meri cooking skills pehle se improve hui hai, thnku verrryyyyyyy muchhh",2,Positive
edx_qdEBAf0,Baking soda mtlb meetha soda?,0,Neutral
edx_qdEBAf0,Kya sooji ko dry roast karna hai ya aise hi use karen,0,Neutral
edx_qdEBAf0,Mam agar hum baarik suji se vade banayenge to taste mai koi badal nahi hoga na ? And barik suji ko bhi 10min ke liye hi rest dena hoga ya usse kum ?,0,Neutral
edx_qdEBAf0,Love u mam I try this its yum aap koi recipie bataye or vo achi naa bne aisa nhi ho sakta love this recipie 😘😘😘😘😘😘😘😘😘😘😘😘😘😘😘😘😘😘😘😘😘😘,1,Positive
edx_qdEBAf0,Mam i love u aap ki sari recipes bahut aachi h. Mene sab recipes banati hu thanks  mam. Aap hamari ma ki tara ho,0,Positive
edx_qdEBAf0,Maie bhi banake dekh bahut achhya hua tha.. Gharwale ko ko bahut pasant aaya..😊,1,Positive
edx_qdEBAf0,Narial ki chatni ka link sear kre,0,Neutral
edx_qdEBAf0,Wow yummy..... nisha ji recipes k baare m to apka koi jawaab nahi,0,Positive
edx_qdEBAf0,Nice mam aap kitna accha bolti h or kitne Acche se btati h ki koi bhi bna le thanks,0,Positive
edx_qdEBAf0,Mam apki  har recipe bht achi hoti hai...thnks for this video.,0,Positive
edx_qdEBAf0,Aapki har recipe sar aankhon per mam i like it sooooooooo much or aapka btane ka tarika bhut sunder,0,Positive
edx_qdEBAf0,Aunty plz pineapple halwa banane ki recipe share karyena,0,Neutral
edx_qdEBAf0,Kya ise sambhar ke sath bi khaya ja skta h,0,Neutral
edx_qdEBAf0,Please  kuch bataye kya karna padega,0,Neutral
edx_qdEBAf0,Mam ye batter thoda gada banayenge to nhi chalega,0,Neutral
edx_qdEBAf0,Gm madam ji suji ka vada aacha nai bana..... Samaj mein nai aaya,0,Negative
edx_qdEBAf0,nice receipe mam.. me first time bnaungi mother in law k liye..thnk u for sharing this recipe mam.,0,Positive
edx_qdEBAf0,mam mene ye recipe try kri bohot hi ache vade bne h thankew mam for this recipe😋,0,Positive
edx_qdEBAf0,Mam apki...sari recepies bht hi acchi or tasty hoti hain...😊😊,0,Positive
edx_qdEBAf0,Mujhe aapki recipe bahut achi lagti h ma'am,0,Positive
edx_qdEBAf0,Hum Ne Bana Ke Dekhe bahut tasty Banai thanks,0,Positive
edx_qdEBAf0,suji matlab kiahi,0,Neutral
edx_qdEBAf0,Very nice video yar i love bare 👌,4,Positive
edx_qdEBAf0,"Thank nisha ji,  fir ek bar my try Karti hu",0,Positive
edx_qdEBAf0,Superb Ma'm! Har receipe aap jis tarha se batate ho use dekh kar bahot easy lagne lagta hai. THANK YOU.,0,Positive
edx_qdEBAf0,nice.... is ki chatni bhi btaiye,0,Positive
edx_qdEBAf0,mam ye konsi suji use kare ap plzzzz batado,0,Neutral
g0CWxEuN2VI,Kon kon deka hai 29999😂😂😂😂,1,Neutral
g0CWxEuN2VI,Attendance wale bhaiya kaha pe haai aaj😂😂,2,Negative
g0CWxEuN2VI,Bhuvan bhai koi new vide lao bahut deen ho gye,0,Neutral
g0CWxEuN2VI,Only video without gaali,1,Positive
g0CWxEuN2VI,"Bil to 16,200 ka bangya",1,Neutral
g0CWxEuN2VI,100 baar dekhne ke baad maine dhyan diya ki bill to yaar H&M ka hain.. Sahi khel gya bc...,1,Negative
g0CWxEuN2VI,bhai hisam mein to 15400 nikal rahe hai,3,Neutral
g0CWxEuN2VI,Jeans =1100Shirt =2000Shoes =3500Underwear=800Hair cut=700Parking=100Saree=8000Total 16200Bhai ne shuruwat mein bola tha 15000 aur ho gye 16200 Daya kuch to gadbad hai😮,3,Neutral
g0CWxEuN2VI,8000 ki saari ranveer singh seje shaukh chade hai isko 😂😂😂,1,Negative
g0CWxEuN2VI,Fun fact : mein 2024 mein dekh raha hoo woh bhi 600 ki pant 200 ko vest pehen kar 😢😂,2,Neutral
g0CWxEuN2VI,Underground matlab Patal Lok,0,Neutral
g0CWxEuN2VI,Kya matlab purana video dekh k kaam chala rha hai,3630,Neutral
g0CWxEuN2VI,Iska baap patauti khandaan se or tera baap katauti khandaan se❤😂😅,0,Negative
g0CWxEuN2VI,Lagdhi kutiya ki tarah chalti hu😂,0,Negative
g0CWxEuN2VI,Total kharcha to 16200 ka baitha hai lekin sirf 15000 bataye hai😂😂😂😂❤❤,0,Negative
g0CWxEuN2VI,Bhai purane video se time pass kr rahe hain. Jldi nye laao na❤️,0,Positive
g0CWxEuN2VI,Zara se shopping 🛒 but bill toh h.m ka hai,0,Neutral
g0CWxEuN2VI,Itne me 400 500 rumal ajate 😂,0,Negative
g0CWxEuN2VI,Mera 5th Time hai,1,Neutral
g0CWxEuN2VI,Patal mein kri thi ky parking= underground parking🤣,0,Negative
g0CWxEuN2VI,4:05 itna mai 400 - 500 rumal aajata,1,Neutral
g0CWxEuN2VI,BB Bhai late m shayri m galti kar di mote nhi beti ke bache dhevte lgte h,0,Neutral
g0CWxEuN2VI,3:14 aare kya 3-4 mushtande kiraye pr liye the scooty ki dekhbhaal krne ke liye?? The best,78,Neutral
g0CWxEuN2VI,Bhai log h and m  ke bill h but zara se shopping ki Bhai ne,1,Neutral
g0CWxEuN2VI,Naya ana to band hogya purana dekh k kaam chala lete hai,0,Negative
g0CWxEuN2VI,Zara bolke HnM ki receipt dikha raha hai,0,Neutral
g0CWxEuN2VI,Thappad Kha lega :- favourite line,1,Positive
g0CWxEuN2VI,Vaiya this was an epic era....🥺firse eisa continuous vdo do pls apke yeh vdos bohot bar dekh chuka hu 🙂 firbi achha lagta hain please vaiya please firse eise vdos banao,0,Positive
g0CWxEuN2VI,2:52 mai mami ji ki dari nazar aa rahi hai🤣,0,Negative
g0CWxEuN2VI,Aur log kehte Hain BB Bina gali diye hasa nehi sakta. Dude bb is way above❤️,0,Positive
g0CWxEuN2VI,Mujhe toh abhi taak samajh nahi ata ki kapdo ke brand se jutee khareede kaise,0,Negative
g0CWxEuN2VI,Is bar mummy khel gyi bancho😅😅,1,Negative
g0CWxEuN2VI,"No matter how cool your dad is, ant mein unka dar barkarar rehta hai😂",0,Neutral
g0CWxEuN2VI,Yahi channel h hamare entertainment ka zariya 🙂,1,Positive
g0CWxEuN2VI,Itne mein toh tesh chalish Rummal aajate 😂😂😂😂,0,Negative
g0CWxEuN2VI,"0:47 bb ko sunte sunte halat itni kharab hogyi , konse card ko konse gand sunai de rha",19,Negative
g0CWxEuN2VI,Hme to ek beti chiye thiWo kami tune puri kr di 😂🥰,0,Positive
g0CWxEuN2VI,Kab ayega dindora laure,0,Negative
g0CWxEuN2VI,"Aap earphones lga k bhi bb k episodes parents k saamne nhi dekh skte ,hme hste hue dekh k wo bhi bolte h hme dikhao😂😂😪",0,Positive
g0CWxEuN2VI,Kis kis ko is video ka purana title yad hai?😂,0,Neutral
g0CWxEuN2VI,8000 ki saadi Ranveer singh ki jaisa ???? Hahaha,0,Negative
g0CWxEuN2VI,"2:53 aree, aunty ko dadhi bhi aa gyi?",0,Negative
RXeLbs_ogDU,Rohit k baap ne 😂,0,Negative
RXeLbs_ogDU,New video kab ayega?,0,Neutral
RXeLbs_ogDU,Hadd hogayi bancho banchos phone,0,Negative
RXeLbs_ogDU,bhuvan ke purane video hi best hai bhai iske saamne koi taza khabar or dhindora nahi😇,0,Positive
RXeLbs_ogDU,1:19 Weight Gainer hota hai mass bunk 😂,2,Negative
RXeLbs_ogDU,Bhuvan bhai hum aap ka bohot bada   fan hai lekin mera naam neel hai ❤❤,1,Positive
RXeLbs_ogDU,kon kon dekh raha hai 2024 me bhi,0,Neutral
RXeLbs_ogDU,Bancho sahi khel Gaya They literally discussed about the spelling 'Q-U-E-U-E' aur uska zikr b nahi ho paya 😂,3,Negative
RXeLbs_ogDU,School ke din yaad aa gaye😂😂,1,Positive
RXeLbs_ogDU,Anpado ye seo or reach ke liye change kr rahe Hai,0,Negative
RXeLbs_ogDU,love you bhai🥰,0,Positive
RXeLbs_ogDU,Fir a gya me,2,Neutral
RXeLbs_ogDU,Just wait 1:23 u said asahiyog aandolan which is the non-cooperation movement held in 1921 but in subtitles u mentioned it as disobedience movement which is completely different 🙄(just mentioning don't take serious),0,Neutral
RXeLbs_ogDU,Love you bhai yaar 🤣🤣🤣🤣🙏,0,Positive
RXeLbs_ogDU,Jai shree ram 🥰💞💞💞💞💞💞,1,Positive
RXeLbs_ogDU,mene kon sa message kiya...lol,1,Positive
RXeLbs_ogDU,Bahi meri ma ka nam gai harami agli bar kiya to alg denge,0,Negative
RXeLbs_ogDU,Abhi hamare hi 7th batch ke kisi class ne saath mai bunk kiya tha aur Puri class ko head ke samne class teacher ne gaali di hai! Itni tez bak rahi thi ki hame 2nd floor tak sunai di 😂😂,0,Neutral
RXeLbs_ogDU,Best I love you Bhai😇❤,0,Positive
RXeLbs_ogDU,Bhuvan bhaiya are you going to introduce sameers dadaji and kavita mami in future,3,Neutral
uQoDmiMoXHg,Lakshy to phoch hi jave sab jagah😂😂😂😅,1,Negative
uQoDmiMoXHg,9:56 pe 2 daru ki botle kis kis n deki😂😂😂,0,Negative
uQoDmiMoXHg,Archit issi liye kutte ko la ja rhe tha kiss karne,0,Negative
uQoDmiMoXHg,Bro log khana khata hua aap ka vlog dakhta ha is lia toilet na dakhaya karo,0,Neutral
uQoDmiMoXHg,Bhai bhindi se gass hoti h,0,Neutral
uQoDmiMoXHg,bhai tum log ko dog ke saath aise nhi karna chahiye tha 😶😶😶😶,1,Negative
uQoDmiMoXHg,SSP navneet sikhera ji hmare yha ke hi hai 😎😎,0,Positive
uQoDmiMoXHg,Archit bhai ka boyfriend hai  esliye eski  koye girlfriend nhi hai,0,Neutral
uQoDmiMoXHg,are jack daniels bhai aap yanha,0,Neutral
uQoDmiMoXHg,9:46 Sharabi gang hh bhai elvish puri,2,Negative
uQoDmiMoXHg,Location ky h yaa,0,Neutral
uQoDmiMoXHg,Bhai aapke mom dad dehkte h aapka vlog,0,Neutral
uQoDmiMoXHg,9:55 Piche Bottle dikh gayi 🕵️🍾,1,Neutral
uQoDmiMoXHg,Jay shree ram bhai 🚩🚩,5,Positive
uQoDmiMoXHg,Elvish bhai ek genuine question hai jab raja ko shraap tha ki 7 pidhi tak santan nahi hogi toh satvi pidhi tak baat phochegi kaise 😂,0,Neutral
uQoDmiMoXHg,Bhai 9.55 pe daru rakhi hai piche😂😂,1,Negative
uQoDmiMoXHg,Bhaii hamara hotel h bawal ke pass me jab aao tab batana pakka raste me wha ruk ke jana kab aaoge bhaii ye batao jldi,0,Neutral
uQoDmiMoXHg,Gadi ko dent laga dia yar!!,0,Neutral
uQoDmiMoXHg,9:55 Phichee toh dekhoo Aunty Ji ko v dikhana padega 🤣😉,0,Positive
uQoDmiMoXHg,Padmavat ki shouting chittorgarh me huai he,0,Neutral
uQoDmiMoXHg,Hello bhai aap bikaner k fort me bhi aana bhu achha h😍😍🥰🥰😘😘,0,Positive
uQoDmiMoXHg,9:55 pa daru dekh rahi hai bhai 😂 tare papa na dekh liya to bhot maraa gaa 😂😂,0,Negative
uQoDmiMoXHg,Elvis bhaiya bhaukaal season 2 aa gayaNavneet shikera g kaJay hindElvis bhaiya ek baar rewari ke rampura mahal me bhi ghuma digiye 🙏🙏🙏🙏,0,Positive
uQoDmiMoXHg,Bhaukal hai bhi to hmare muzffarnagar ki khatrnak kyu na hogi bhai,0,Neutral
uQoDmiMoXHg,Elvish bhai apki video dekh ke mja aaa jata. Ha mere comment pe like kr do elvish bhai and reply,0,Positive
uQoDmiMoXHg,Sari wine ki bootle dekh raha 😂😂,0,Negative
uQoDmiMoXHg,Bhai ap na archit bhai se ache se behave kia kro pĺs i don't like ap har bat me archit bhai ko kyu zhasitte ho pls,0,Negative
uQoDmiMoXHg,But jay shree ram🙏,0,Positive
uQoDmiMoXHg,Bhai kota aaoo na🙏🙏❤,0,Neutral
uQoDmiMoXHg,@10:10 prr daaru ki bottle dekho 😂😂,0,Negative
uQoDmiMoXHg,Lakshay ko sath mat rkha kr bhaii,1,Neutral
uQoDmiMoXHg,Bhai big fan yarr sachi mai aap ki jo language or jo smile haye ❤️ bhai best YouTuber yall bro love u yall jai hind 🚩🚩 jay Shri ram 🚩🚩,1,Positive
uQoDmiMoXHg,Bhai ek bat bolu room ma daru kasa aa gai 😄,1,Neutral
uQoDmiMoXHg,Padmavat ki shooting chittorgarh me hui thi,0,Neutral
uQoDmiMoXHg,Kosli meetup rakhiyo bhai  love from kosli rewari,0,Positive
uQoDmiMoXHg,Jaipur me konsi jagah h bhai,0,Neutral
uQoDmiMoXHg,Elives bhai alwar aaoge na,0,Neutral
uQoDmiMoXHg,Bhai tere bed ke paas sarab ki botal rakhi hai 😂,0,Negative
uQoDmiMoXHg,Bhai daaru ka bottel dikh rha hai🤣😂,0,Negative
uQoDmiMoXHg,Bhaii. Daaru ki bottle to hata dete 😁,0,Negative
uQoDmiMoXHg,Bhai ajju ko akela kyu Chod dete Ho bhai,0,Neutral
uQoDmiMoXHg,bhaiya daru kibolte to picpa lete🤣🤣🤣🤣🤣🤣,0,Negative
uQoDmiMoXHg,Bhai ek baar kataria ke ghar toh aajao,0,Neutral
uQoDmiMoXHg,Bhai Aap Ko bhut Supporte krte h plz bhai Aap history ke saath Majak mt kijiye,0,Positive
uQoDmiMoXHg,Amer fort hai bhi yha pa mai pura ghym,0,Neutral
uQoDmiMoXHg,Bhai bhindi ke itne shokeen kyo ho ☺️☺️☺️,1,Positive
uQoDmiMoXHg,PAR JO BOL UNCLE JI KO THUM LOG NE BAHUT PAREHSAN KIYA...........UNCLE JI BE LIKE KAISE KAISE LOG AA JATE HAI 😂😂😂😂,0,Negative
uQoDmiMoXHg,Bhai meet up wali video kab daloge,0,Neutral
uQoDmiMoXHg,9:55 ko delete kardo,0,Negative
uQoDmiMoXHg,9:58 daaru spoted 😂❤️,4,Negative
uQoDmiMoXHg,swad aa gaya bhai Elvish tumhra feature bright ha moj kar di,1,Positive
uQoDmiMoXHg,Mai jaipur me hi hu,0,Neutral
uQoDmiMoXHg,Mazzza aaya bhai 😂😂😂😂,0,Positive
uQoDmiMoXHg,Tu  vlog kam bakchhodi jyada krta h,0,Negative
uQoDmiMoXHg,Aare elviah bhai kaafi nuksaan ho gaya isko theek krvane mai to nai gaadi aa jaigee😂😂,0,Negative
uQoDmiMoXHg,Tum Daru Pite Ho,0,Neutral
uQoDmiMoXHg,Kutto se yaad ayi apna mark ni dikha kbse🙄 kriti didi ne kha rkh dia use,0,Neutral
8z_YVi-NycI,Bhai apke papa kha h,0,Neutral
8z_YVi-NycI,1:56 varanya nahi tum ghar hila rahe ho abhi to 😂😂,0,Negative
8z_YVi-NycI,Love you bhai ❤,0,Positive
8z_YVi-NycI,Bhaiya please ek help kr do please 🙏🙏🙏🙏🙏🙏🙏🙏🙏🙏🙏🙏🙏,0,Neutral
8z_YVi-NycI,Fish 🐟 0:30 farak rhi hai shark ne pakad liya 😂,1,Neutral
8z_YVi-NycI,Bhai app ka bolero song me face kyu blurr hai ❤❤❤❤❤❤❤😢😢😢😢😢😢😢😢😢😢😢😢😢😢,0,Neutral
8z_YVi-NycI,Elvish ka father ajkal vlog mei kyu nahi aatei?,0,Neutral
8z_YVi-NycI,SSC CGL ka form dala tha bhaiya ne last time kya hua 😂😂😂😂😂,0,Neutral
8z_YVi-NycI,Elvish bhai se har bacha der jata h 😂😂😂,1,Neutral
8z_YVi-NycI,Girl friend ne bataya hai,1,Neutral
8z_YVi-NycI,Chutiya sa hai ye to bkl,0,Negative
8z_YVi-NycI,Love you bhai ❤❤❤,1,Positive
8z_YVi-NycI,Bhai please limit me raho 13:50 apne maze kar rahe ho balak ke sath aur koi bhi hadsa ho sakta hai by chance agar slip kar jao toe? Please don't do that kind of things with kids,11,Negative
8z_YVi-NycI,Bache ko bde ho jane ke bd ptaa chlega ki Mama toh bht bda harmi admi h 😅❤,2,Negative
8z_YVi-NycI,Bhai ya kya laughter chefs scripted show Hai kyuki mane Jo appne magic Wali video dali this 11 days phle Wali video main jannat ke hand main script dekhi thi,0,Neutral
8z_YVi-NycI,Sala faltu shehbaz KO support nehi kia.uski behen shehnaz tujhe support Kia jab sab ne tujhe jutti SE pit dia snake wala .sala ehsan faromosh.kitna poysa Lia mridul SE.chutia Jesa muk tera.shehbaz 🏆 winner,0,Negative
8z_YVi-NycI,7:22 system pe moot diya 🤣🤣,5,Negative
8z_YVi-NycI,Jo board fail ki dhamki de vo khud fail hojayega 😂,0,Negative
8z_YVi-NycI,Elvish bhai tum patle ho gaya ho yr😢,0,Negative
8z_YVi-NycI,"elvish ki galti nhi hai....haryana mae mamu bhot pareshaan kerte hein, kansh type😂",18,Positive
8z_YVi-NycI,Aaj aaya h phela wala vlog bhai,0,Neutral
8z_YVi-NycI,Elvish bhai apne podcast me nia Sharma ko bhi bulana,0,Neutral
8z_YVi-NycI,Var ya ko Sirf English kyu sikha rahe hai? This is the problem in India now .  They think English sleaking by kid is cool but enflish ke sath Hindi haryanvi Jo bhi mother tongue ho issi samay sikhana chahiye.  They can learn two even three language easily at this age,0,Negative
8z_YVi-NycI,Bhai Anup bhai ne new tractor le liya ha,2,Neutral
8z_YVi-NycI,Ye jo ap bachi k sath kr rhy ho sahi nhi is sy bachi ko childhood trauma ho skta ha,0,Negative
8z_YVi-NycI,Mamu ko dekhkr chote se he darti hai varanya.clean shave karo tum beta.woh dar jaati hai😂anvay bahot sweet hai mamu ke saath.varanya ke liye gift lekar aaya karo tabhi woh manegi😊😊kyu varanya ko dara rahe ho😂..gande mamu😂lovely family❤❤❤❤enjoy😊😊🎉🎉,29,Negative
8z_YVi-NycI,Ye phla balak hai jisne mama ke pass jane se mana kiya hai😂,0,Positive
8z_YVi-NycI,Yeh grey sweatshirt m ldki elvish ki hone waali wife h kya??,0,Neutral
8z_YVi-NycI,2:48  believe me guyzz elvish chuku se b chotta h 😂,141,Negative
8z_YVi-NycI,Waaah Rao mastt chuuku❤❤❤❤😂,5,Positive
8z_YVi-NycI,So cute baby 🤩 apni biwi ko bhi aise Hi dalenge elvish ji ❤,0,Positive
8z_YVi-NycI,Elvish bhai always top ❤,0,Positive
8z_YVi-NycI,Aaj mja aayaa😂😂😂😂😂Family 🧿❤,14,Positive
8z_YVi-NycI,Bhai tujhme tbi case hote hai bache ko utha raha hai... Mazak mazak mai kbi hath se fisal gya n.. Lene k dene PD jayege,1,Negative
8z_YVi-NycI,Anvay ne kya kardiya systum pe 😂 Ye sirf wahi kar sakta he baki koi me himmat nahi he ye karne ki 😂,0,Positive
8z_YVi-NycI,Vaaaaaiiisaaabbb kyaaa vlog thaa yehhh....ohhhhhhooo vaaaiiii petttt faat gya haas haaske🤣🤣🤣🤣🤣🤣🤣🤣🤣🤣🤣🤩🤩🤩🤩🤩🤩🤩🤩🤣🤣🤣🤣🤣😝😝😝😝😝,1,Positive
8z_YVi-NycI,Ye bacca Elvish ka kiya lagta hai,0,Neutral
8z_YVi-NycI,7:52 ye  asli reality hai  har hospital m   govt  ya Private   dono  mai😡,1,Negative
8z_YVi-NycI,Elvish in his baddie era for chukku 😭😂😂  Chukku ka dar khtm ni hota aur Anvay darta nii 😂 too much fun,70,Positive
8z_YVi-NycI,Bhai bhai thoda acha feel hua Aaj to #happyelvisharmy ❤,3,Positive
8YP81X1Jur4,Deshdrohi ka record koi ni tod skta kya kaam kiya tha apne dhurrendhar uske samne kuchh b ni h,0,Negative
8YP81X1Jur4,"Saale, srk aur ranbir ka chatukar....",0,Negative
8YP81X1Jur4,"Iski bhi jali hai 🔥🔥,bss jata nhi rha",0,Negative
8YP81X1Jur4,Muhammad bhi aisa hi tha😂,0,Neutral
8YP81X1Jur4,Tu bhi khush nahi hai re double dholki 😂😂😂😂😂😂,0,Negative
8YP81X1Jur4,krk bolywood wale dhurender pe nahi bole rahe hai us per bhi news banaye ....please krk ko der kyo hai  news banane mei krk ko ab hero thodi babnna hai so pls news banaye,0,Neutral
8YP81X1Jur4,Jhooth bol raha hai amir,0,Negative
8YP81X1Jur4,Yaar tum bhi bik gye ho Baut dukh hua Ek hor andh bhakt paida ho gyaShame,0,Negative
8YP81X1Jur4,"Kya baat hai , krk dimag ho to aap jaisa kamaal ke ho aap.",1,Positive
8YP81X1Jur4,"KRK sir aap padhte ya research nahi karte kya , note bandi ke baad kitni fake currency pakdi gayi hai thoda bolne se pehle soch liya karo gov. data hai pura year wise fake currency ka.",0,Negative
8YP81X1Jur4,"In D company walo se kisi ko farak nahi padta hai , log boycott kar chuke hai in lukkho ko fake collections dikhate hai , hyper banane ke liye bus , khud hat jayenge thode time me yeh.dhurandar fictional or propaganda hogayi toh Haidar/shikara jaise movies kya hai extreme propaganda 😂.dhurandar is a fictional movie with timeline based and inspired from reality.",0,Negative
8YP81X1Jur4,14:19 bhai bass kar,0,Negative
8YP81X1Jur4,Abbey Teri itni jal kyun rahi hai dhurandhar se?,1,Negative
8YP81X1Jur4,Gaali upshabh upshabh gaali gaali gaali... kyu h kya h aap sab samjhdar ho,0,Negative
8YP81X1Jur4,15:05 jhute 😂,0,Negative
8YP81X1Jur4,Main nhi maanta ranbir kapoor sabse bada superstar 😂😂😂😂😂 carractor wise dekhe tohh ranvir singh hai ❤❤❤❤❤,0,Positive
8YP81X1Jur4,"This was nabil gabol not jamil jamali... Nabil gabol says jamils character is inspired by him. Fake news, reviews, analysis, movies.. kuch asal or sachi baat bhi karo yaar. Jahil KRK",0,Negative
8YP81X1Jur4,Propaganda hi v to pakistan k khilaaf..to is desh k pakistan premi ko burra to lgega..aur jydda bollywood wala pakistan premi hin,0,Neutral
8YP81X1Jur4,Netherlands say kash hmara desh bhi kuch sikhta corruption mai mauj karhe h sab aur janta ko propaganda movie mai interest h bas,0,Negative
8YP81X1Jur4,epstein files  ke upper movie kyu nahi banate,0,Neutral
8YP81X1Jur4,Bhai tere baton se tere vichar pata chalta hain aur tere vichar batatein hain k tu kitna bada gawar aur jahil insaan hain,0,Negative
8YP81X1Jur4,Muslim logo koi bhi poll kholo toh sabhi log ek satg sath propaganda  propaganda karega,0,Negative
8YP81X1Jur4,KRK accept now Ranbir tere jala diya accept kara he wins,0,Negative
8YP81X1Jur4,Krk ap me b dimag nahi hai. Ye videos ap sirf entertainment purpose ke liye banate ho. First page pe disclaimer diya hai for entertainment purpose only,0,Negative
8YP81X1Jur4,Shilpa shetty ke dress ke neeche krk ka wig lag raha hai 😂,0,Negative
8YP81X1Jur4,Krk ne ranbir ki mithai khai hai 😂,0,Negative
8YP81X1Jur4,Ekbar tune b kaha tha Dhurandhar ko propaganda movie. Aur Yashraj movies me jo Indian spy ko rogue dikhate hain aur isi ko accha wo propaganda nahi hai? Tum jese log logo ko dhokha de rhe ho,0,Negative
8YP81X1Jur4,Dhurandhar 2 ne rail bana di h bollywood ke so called damads ki...,0,Positive
8YP81X1Jur4,Tiles kab changed karega lukkhe😂,0,Negative
8YP81X1Jur4,Dhurandhar 2 chal gyi aur 2 rs Jihadi lukha KRK ne puri koshish Kari thi picture ke baare main khrab bolkar,0,Negative
8YP81X1Jur4,02:18 *mai aamir ke bat se sahemat ho q ke ye film main b nahi dekhi sirf tareef hi sun ro q ke main b nahi dekah*,5,Neutral
8YP81X1Jur4,Tu to bolta tha dhurandhar nhi chalege ab to chal gyi aur tere jal gyi lukhe,0,Negative
8YP81X1Jur4,Aditya dhar ek baccha hai abhi woh kuch bhi dikhayega to daikh lainge hum kya bewakoof hai jo 4 ghante dard kar lain,0,Negative
8YP81X1Jur4,Dhurandhar 2 ek bakwas movie hai business lai kai kya karen ek propaganda movie hai,0,Negative
8YP81X1Jur4,Same blazer mere pass bhi hai 😊,0,Neutral
8YP81X1Jur4,Ye lukka aur iske sare jamati including dawoodwood is in deep depression and I am extremely happy seeing this,26,Negative
8YP81X1Jur4,Ye kaha ka bathroom hai😅,0,Neutral
8YP81X1Jur4,Chand Mera Dil film Maine pichle hafte dekh li hai test screening mein.,0,Neutral
8YP81X1Jur4,Tujhko review ati hai lukhe,0,Negative
8YP81X1Jur4,PAKISTAN WAS CREATED AS 2 nation THEORY . IF THIS GUY WAS IN PAKISTAN HE CD NOT HAVE GIVEN HIS FREEDOM OF EXPRESSION,0,Negative
8YP81X1Jur4,Dhurandhar se is lukkhe ki bahut jali hai bas chupa rha hai 😂😂😂,0,Negative
8YP81X1Jur4,Akshay mithai ki yaad dila raha tha Shilpa Shetty ko,0,Neutral
8YP81X1Jur4,Rakesh bedi ne galat kaha chhua. Sharm aani chahiye kisi bujarg ko vese hi tharki bol rahe ho,0,Negative
8YP81X1Jur4,pehle 2× speed se dekho fir vapas normal speed karo 😂dekho kya hota he 😂😂,0,Positive
8YP81X1Jur4,Krk sir ji sab kuch bahut accha laga par last wala sabse jyada accha tha love you Sir ji respackt,1,Positive
8YP81X1Jur4,"Krk bhau London Kab jaoge ,aap abhi bhi India me ho as per Background Tiles",1,Neutral
8YP81X1Jur4,Chup beh Lukkhe .😂,0,Negative
8YP81X1Jur4,"Agar Rajnikant , Allu Arjun , SS Rajamouli sir jaise mahanayak agar movie ki tarif kar di toh fake bhaando se kya umeed karni movie ke tarif ki.😂😂😂😂",0,Positive
8YP81X1Jur4,Ranveer Singh > Ranbir Kapoor..Like thoko jo jo agree karta hai,0,Neutral
8YP81X1Jur4,"3:12 tere Kehne se Ghanta farak padta hai tere kehne se teri Biwi,Beti aur beta ko bhi ghanta farak padta hai😂Teri Biwi,Beti aur Bete ko bhi pata hai ki tu lukha aur Double dholki hai😂",0,Negative
8YP81X1Jur4,Hindu ko gali de jaygi kisi movie m or tb hindu kya krenge bycott krenge muslim ko gali dena mtlb picture chal gyi waah bhai chara nhi dikhana bs muslim ko galat dikhana movie ko hit Krna hai isliye ise propgenda keh rahe h kaash hindu ko bhi dikhaya jata ki galat dikhna kesa hai brainwash Krna kesa h jo yeh movies kri ri h jinko akal h woh sahi h jo kutte hai wahi dhurandar 2 ko best movie khte h,0,Negative
8YP81X1Jur4,Wo cycle pe chalenge to put jaenge,0,Neutral
8YP81X1Jur4,Ek point note karoJab se lukhha bhai jail se aaya hai bollywood woalo ko pahele jaisa bura bolne se dar raha Hai😂😂😂😂Lekin krk bhai tumhare show ki jaan yahi baat hai ke tum bollywood walo ko bahot bura bura bolte ho agar tumne pahele jaisa show me nahi bola to public ka intrest tumhare channale se khatm hosakta hai islye agar tumko apna channel chalana hai to pahele jsa hi bollywood walo ki chaddi utarte raho😂😂😂public ko bhi maza aata haiAor haa apni besuri awaaz me wahi swagat wala gana bhi gate raho usko bhi sunne ko bahot se log taras rahe hai😂😂😂😂😂😂😂Bollywood pol khol me aapka swagat hai ji aapka swagat hai😂😂😂😂😂,0,Negative
8YP81X1Jur4,Kamaal bhai aditya dhar ne propogenda banaya to hai lekin esne saare true events dikhaye fir pulwama kyo nhi dikhaya esilye nhi dikhaya kyo ki ye BJP sarkaar me hua tha mtlb saaf hai,0,Negative
8YP81X1Jur4,Abe lukhe Kitna jalan ho rhi hai isko dhurandar se😂😂😂,0,Negative
8YP81X1Jur4,100-150 rupees ki trophy 😂😂,32,Negative
8YP81X1Jur4,Dekho dekho  Aa gaya lukkha apni ghanti dabwane  aa gya,0,Negative
8YP81X1Jur4,Kuchh bhi bolo sar aapke hansne ki style Badi jordar lagti hai muje 😂😂😂,4,Positive
8YP81X1Jur4,Aap logo ek chiz notice Kiya hoga k mere lukkhe dost ki hasi bhii fake hain 😂😂,0,Negative
8YP81X1Jur4,18:28  Abe lodu Jawan aur pathan ki corporate booking huyi thi na ki dhurandhar ki ... Dhurandhar ka ticket mil nhi Raha tha starting week me.,1,Negative
8YP81X1Jur4,Bhai duggal sahab ko bhi ek aword de dete enko bhi bollywood me 10 saal ho gaye hai 😂😂😂,0,Negative
8YP81X1Jur4,Bachha hai tu mera aaja tujhe triple dholki banao 😂😅,0,Positive
8YP81X1Jur4,Jo actor nahi chal pa rahe unke paas ek hi raasta hai Proper Ganda film 😂😂😂,0,Negative
8YP81X1Jur4,aapka kehne ka matlab ye hi ki pakistan 500 ke duplicate  note 60000 crore ke india me distribute kar de aur baad me note bandi karni chahi thi,0,Negative
8YP81X1Jur4,Akki Shilpa se puchraha thaa Apke aam Acche lagrahe hai😅,5,Neutral
8YP81X1Jur4,Teri movie thi bhai deshdrohi vo movie nhi h tu khud h deshdrohi,0,Negative
8YP81X1Jur4,Pakistan ke khilaf koi bhi film banao... Bollywood walo ko problem ho jati hai..... Keya chakkar hai bhai...,0,Negative
8YP81X1Jur4,Sir aap India mai kaise arrest ho gaye aap toh uk Dubai or london mai rehte ho,0,Neutral
8YP81X1Jur4,Teri baton ka koi velu nahi,0,Negative
8YP81X1Jur4,Dilbura uncle aakhir mard ban gaya budhape me,0,Neutral
8YP81X1Jur4,Hakla sharukh maha flop hai 15 saal se flop chal Raha hai fake corporate booking karta hai 😂😂😂,0,Negative
8YP81X1Jur4,"ek time tha d gang ke paise se hindi movie banti the aur log d se darte the, aaj ye halat he ki ushi d ko aaj villian  movie me dikhate he, samay kisi ka ek jaisa nahi rehta",0,Negative
8YP81X1Jur4,Abe lukhhe I am Buddha ek production company hai koi film nahi hai. Apne aap ko no 1 film critic kehta hai,0,Negative
8YP81X1Jur4,Ek baat batao Pakistan ko galiyan padti h to aapko q dukh hota h,0,Neutral
8YP81X1Jur4,Tumhari koum ki yahi to khass baat h. Galat ko galat nhi bolteNot bandi galat kaise h ye bata pehle,0,Negative
8YP81X1Jur4,ab yeh paagal jee nahi paayega.,1,Negative
8YP81X1Jur4,Lukkhe ageya,2,Neutral
8YP81X1Jur4,Shilpa ko trophy isne zindagi main kiya kyaa hai khali 😂😂😂😂😂 .,1,Negative
8YP81X1Jur4,"Dawood se paise lekar movie karte hai, isiliye Dhurandhar ko propaganda to bolenge hi ye bollywood wale.",73,Negative
8YP81X1Jur4,Tumko jyada taklif haiBas bol nahi rahe ho,1,Negative
8YP81X1Jur4,Hame jameel se kya lena dena,1,Negative
8YP81X1Jur4,7:29 bhut harami h tu😂😂😂😂😂😂😂,0,Negative
8YP81X1Jur4,KAUN KAUN CHAHTA HAI KRK BHI PODCAST START KARE😢😢,1,Neutral
xvvZATxs30M,KUCHH JYADA HI TIME WEAST KAR KE ESCAPE KIYA BHAI,1,Negative
xvvZATxs30M,Bro video upload kab karoge,0,Neutral
xvvZATxs30M,Bahut bhadiya hai bhai,1,Positive
xvvZATxs30M,Ff kyo chhod diye😢😢,0,Negative
xvvZATxs30M,Bhai new vidio kab aayegi ff ki 😢😢,0,Neutral
xvvZATxs30M,Bhai sab accha hai par... I need Herobrine smp back,0,Positive
xvvZATxs30M,Ajju bhai ajj bhi apne name ke aage 94 lagate hai🥹💓,0,Neutral
xvvZATxs30M,Jo bhi mere sath turnament kheloge vo reply de,0,Neutral
xvvZATxs30M,Bhaiya free fire khelo please 🥺🥺🥺,0,Neutral
xvvZATxs30M,Bhai aap shorts kyon nahin dalte?,0,Neutral
xvvZATxs30M,Agar tum  aju bhai ke fan real fan  ho or free fire player ho to is uid me emote gift karo only legend  💀💀💀💀 12343723671☠️☠️☠️☠️,1,Neutral
xvvZATxs30M,Bhai ek bar Mlbb khelo,0,Neutral
xvvZATxs30M,Ajju bhai Minecraft Survival series start karo please,0,Neutral
xvvZATxs30M,Ajju bhai Minecraft Survival series start karo please,0,Neutral
xvvZATxs30M,Ajju bhai Minecraft Survival series start karo please,0,Neutral
xvvZATxs30M,Bhai ap uncharted of lost legacy game series khelo bahot adventures or excited game hai,1,Neutral
xvvZATxs30M,Aaju bahi aap kab shadi kar raha Ho,0,Neutral
xvvZATxs30M,Raju bhai please granny Chapter 6 khelo ❤❤❤❤🎉🎉,0,Neutral
xvvZATxs30M,Ajju bhai GTA 4 khelo,0,Neutral
xvvZATxs30M,Ajju bhai payal bhabhi se sadhi karlo ❤❤❤❤,0,Neutral
xvvZATxs30M,Ajju bhai Free Fire ki Video kab ay ghi,0,Neutral
xvvZATxs30M,Thumbnail me acche dikh rahe ho 😎,1,Positive
xvvZATxs30M,Room open hai 😂😂😂,1,Neutral
xvvZATxs30M,Fir ohi bat agai Admi jo  garib hai na  yoo sala apni adat se garib hai 😂😂,1,Negative
xvvZATxs30M,18:14 chimkandi giri😂😂😂,0,Negative
xvvZATxs30M,Ajju bhai the legend of a granny 😎,5,Positive
xvvZATxs30M,ajju bhai heart dedo please,1,Neutral
xvvZATxs30M,Ajjubhai udhar game khel raha hai or Mera dil idhar dhak dhak kar raha hai 😅,1,Positive
xvvZATxs30M,Bhi ab to aap gu kh lo😅,0,Negative
xvvZATxs30M,Ajjubhai jab se ap ne free fire ko leave Kiya ha tab se apke view nahi a rahe😅,0,Negative
xvvZATxs30M,Jate jate instagram ko pela diya😂😂😂😂😂😂😂😂😂,0,Negative
xvvZATxs30M,Old squad Ka sath gameplay plz Bhai,2,Neutral
xvvZATxs30M,log hote honge gf lover bhabhi lover aunty lover apna ajju bhai to granny lover nikle 🤣🤣,0,Negative
vpNC1qM_cCE,Ajju Bhai ki gaming bhot achi ha😊😊❤❤❤,3,Positive
vpNC1qM_cCE,Ajju bhai ap kya khelte ho wow... 😮😮😊,0,Positive
vpNC1qM_cCE,Bhai or jada videos banao,0,Neutral
vpNC1qM_cCE,2026 February kon kon dekrehe ho❤❤❤😊,6,Neutral
vpNC1qM_cCE,Hello Ajju bhai kasa ho,0,Neutral
vpNC1qM_cCE,Ajjubhai +Amit Bhai +Munna Bhai = Tabahi 🙂,1,Positive
vpNC1qM_cCE,Ajju Bhai Main aapko change karta hun ki ko do 2 say harao,0,Neutral
vpNC1qM_cCE,Aaj tak jisne bhi mujhse only one kara hai vah hare ja raha hai,0,Neutral
vpNC1qM_cCE,Bhai aap apni ID ka nickname batao,0,Neutral
vpNC1qM_cCE,Ajju bhai ek match kheloge mere dost ka,0,Neutral
vpNC1qM_cCE,Ajjubai mere sath ek khelana,0,Neutral
vpNC1qM_cCE,Dam ho to raistar hara kar dikhayo,0,Negative
vpNC1qM_cCE,Are bhai anju hai ka face revile ho gaya,0,Neutral
vpNC1qM_cCE,Bande hee bkl hai kuch khelna ata nai or 90 level ki I'd kharid li bas bkl,0,Negative
vpNC1qM_cCE,Maa kasam jisne like nahi kiya vo exam mein fail hoga 😅,64,Negative
vpNC1qM_cCE,Bhaii plzz meri ak47 max kardo bhaii 🙏🏻,0,Neutral
vpNC1qM_cCE,2026 me kon dekh raha hai,0,Neutral
vpNC1qM_cCE,Aaha tamatar bade mazedar aur _,0,Neutral
vpNC1qM_cCE,One of the best ajju bhai❤❤,1,Positive
vpNC1qM_cCE,ajjubhai ko one tap nhi khelna aata hai kyaa bhai,0,Negative
vpNC1qM_cCE,Ajwain to bahut Achcha Khel rahe ho,0,Positive
vpNC1qM_cCE,Ajju bhai apka real name kya hai? Ajju bhai ‼️🔥😈🔥‼️,0,Neutral
vpNC1qM_cCE,Kitna noob khelta he ho ajjubhai or sab kehte he ki ajju pro sab gadhe he es me dam he to raistar ke sath custom kyu nahi khelta😂😂,1,Negative
vpNC1qM_cCE,Bhaiya mein bus ek pyari Nahin please humko ek  dijiye na,1,Neutral
vpNC1qM_cCE,Bhai aapki to tarif hi karte Hain ham,0,Positive
vpNC1qM_cCE,Aap jab awm chalate ho tab aem kase aata he sentar me small sacral kese late ho,0,Neutral
vpNC1qM_cCE,Hm dekh rhe he😂,0,Neutral
vpNC1qM_cCE,Colour change hone wala gloo wall diwado,0,Neutral
vpNC1qM_cCE,ajjubhai aap itne pro ho to mere sath game khelo mere uid 2992514672 aajju bhai aap ko chelleng,0,Neutral
vpNC1qM_cCE,Kya tum log pc player ho,0,Neutral
vpNC1qM_cCE,Ajju bhai accha khel rhe ho,0,Positive
zzwRbKI2pn4,dg banjara samaj ke liye kya karen jab tak ki hai ki is tarah se kya hoga yah to kya hua jo bugget friendly room uuo hai kya yah sambhav nahi 😂😂😂😂😂😂😂😂😂😂😂😂😂😂😂😂😂😂😂😂😂😂😂😂😂😂😂😂😂😂,0,Neutral
zzwRbKI2pn4,Here after samay's still alive video kyunki carry ki comeback yaad aa gayi thi😂😂,1,Positive
zzwRbKI2pn4,maza aa gayacarry bhai one more ais song banao,1,Positive
zzwRbKI2pn4,Sidu moose wala ki tarah banao any ways good i like it.❤,1,Positive
zzwRbKI2pn4,2:06 second Dhruv rathi ko bhi pel diya😂,2,Negative
zzwRbKI2pn4,Maza hi aa gaya bro...,0,Positive
zzwRbKI2pn4,Kya hai ya ?,0,Neutral
zzwRbKI2pn4,Op song bhai😮😮,1,Positive
zzwRbKI2pn4,5 april wale like karo😅,1,Neutral
zzwRbKI2pn4,Inki bhook bhi to mene hi mitani hai.,3,Neutral
zzwRbKI2pn4,Gana sunkar jis jis ko Goosebumps 😢A gaye sirf vah like Karega😮❤Gane Ne faad ke Rakh Diya😂,1,Positive
zzwRbKI2pn4,Pura fayda utya Lockdown ka chu+tiye ne,0,Negative
zzwRbKI2pn4,Oh bhai literally 💀💀,1,Negative
zzwRbKI2pn4,31 March ko Kon kon dekh rhe ho Like this comment 😊 👇🏻👍🏻,2,Neutral
zzwRbKI2pn4,Yeh like ka button nahi dikhra hai,1,Neutral
zzwRbKI2pn4,Then baccho pe right of copy....😂.pr bhai mai happy hu aapse pr.mera jhat jalta hai..bhujao na.,1,Negative
zzwRbKI2pn4,Mkc.....aaj tak comment famous na hua kya aaj ho gya 😂😂,3,Negative
zzwRbKI2pn4,Ajjj kon aya hai 🇮🇳💀👑,2,Positive
zzwRbKI2pn4,Motivational ka baaap❤❤😊,2,Positive
zzwRbKI2pn4,Bhai aura  +++++++++,0,Positive
